,event1,eid1,event2,eid2,signal,annotation ,Doc name,Doc ID,sentence,annotation
0,authorized,e53,purchase,e54,authorize,0,wsj_0520.tml,WSJ891030-0181,"In addition, the company's board authorized the purchase of up to an additional one million shares. ",
1,moves,e46,focus,e104,allow,2,wsj_0376.tml,WSJ891031-0138,"In addition, Courtaulds said the moves are logical because they will allow both the chemicals and textile businesses to focus more closely on core activities.    ",1.0
2,focus,e104,said,e45,allow,0,wsj_0376.tml,WSJ891031-0138,"In addition, Courtaulds said the moves are logical because they will allow both the chemicals and textile businesses to focus more closely on core activities.    ",
3,focus,e104,allow,e47,allow,0,wsj_0376.tml,WSJ891031-0138,"In addition, Courtaulds said the moves are logical because they will allow both the chemicals and textile businesses to focus more closely on core activities.    ",
4,moves,e46,said,e45,allow,0,wsj_0376.tml,WSJ891031-0138,"In addition, Courtaulds said the moves are logical because they will allow both the chemicals and textile businesses to focus more closely on core activities.    ",
5,moves,e46,allow,e47,allow,0,wsj_0376.tml,WSJ891031-0138,"In addition, Courtaulds said the moves are logical because they will allow both the chemicals and textile businesses to focus more closely on core activities.    ",
6,said,e45,allow,e47,allow,0,wsj_0376.tml,WSJ891031-0138,"In addition, Courtaulds said the moves are logical because they will allow both the chemicals and textile businesses to focus more closely on core activities.    ",
7,meet,e18,qualify,e13,qualify,0,wsj_0527.tml,WSJ891030-0174,"A spokesman said the savings bank may not qualify for the capital requirements because, under the proposed guidelines, its $380 million of preferred stock does n't meet the ""core capital"" criteria outlined under the new Financial Institutions Reform, Recovery and Enforcement Act of 1989. ",
8,meet,e18,said,e12,qualify,0,wsj_0527.tml,WSJ891030-0174,"A spokesman said the savings bank may not qualify for the capital requirements because, under the proposed guidelines, its $380 million of preferred stock does n't meet the ""core capital"" criteria outlined under the new Financial Institutions Reform, Recovery and Enforcement Act of 1989. ",
9,meet,e18,criteria,e20,qualify,0,wsj_0527.tml,WSJ891030-0174,"A spokesman said the savings bank may not qualify for the capital requirements because, under the proposed guidelines, its $380 million of preferred stock does n't meet the ""core capital"" criteria outlined under the new Financial Institutions Reform, Recovery and Enforcement Act of 1989. ",
10,meet,e18,requirements,e16,qualify,0,wsj_0527.tml,WSJ891030-0174,"A spokesman said the savings bank may not qualify for the capital requirements because, under the proposed guidelines, its $380 million of preferred stock does n't meet the ""core capital"" criteria outlined under the new Financial Institutions Reform, Recovery and Enforcement Act of 1989. ",
11,qualify,e13,said,e12,qualify,0,wsj_0527.tml,WSJ891030-0174,"A spokesman said the savings bank may not qualify for the capital requirements because, under the proposed guidelines, its $380 million of preferred stock does n't meet the ""core capital"" criteria outlined under the new Financial Institutions Reform, Recovery and Enforcement Act of 1989. ",
12,qualify,e13,criteria,e20,qualify,0,wsj_0527.tml,WSJ891030-0174,"A spokesman said the savings bank may not qualify for the capital requirements because, under the proposed guidelines, its $380 million of preferred stock does n't meet the ""core capital"" criteria outlined under the new Financial Institutions Reform, Recovery and Enforcement Act of 1989. ",
13,qualify,e13,requirements,e16,qualify,0,wsj_0527.tml,WSJ891030-0174,"A spokesman said the savings bank may not qualify for the capital requirements because, under the proposed guidelines, its $380 million of preferred stock does n't meet the ""core capital"" criteria outlined under the new Financial Institutions Reform, Recovery and Enforcement Act of 1989. ",
14,said,e12,criteria,e20,qualify,0,wsj_0527.tml,WSJ891030-0174,"A spokesman said the savings bank may not qualify for the capital requirements because, under the proposed guidelines, its $380 million of preferred stock does n't meet the ""core capital"" criteria outlined under the new Financial Institutions Reform, Recovery and Enforcement Act of 1989. ",
15,said,e12,requirements,e16,qualify,0,wsj_0527.tml,WSJ891030-0174,"A spokesman said the savings bank may not qualify for the capital requirements because, under the proposed guidelines, its $380 million of preferred stock does n't meet the ""core capital"" criteria outlined under the new Financial Institutions Reform, Recovery and Enforcement Act of 1989. ",
16,criteria,e20,requirements,e16,qualify,0,wsj_0527.tml,WSJ891030-0174,"A spokesman said the savings bank may not qualify for the capital requirements because, under the proposed guidelines, its $380 million of preferred stock does n't meet the ""core capital"" criteria outlined under the new Financial Institutions Reform, Recovery and Enforcement Act of 1989. ",
17,transaction,e30,issue,e15,warrant,0,wsj_0165.tml,WSJ891102-0026,"Depending upon how many warrants and options  are exercised prior to completion of the transaction, Heritage would issue between 1.8 million and 2.35 million preferred shares, a Heritage spokesman estimated. ",
18,transaction,e30,estimated,e17,warrant,0,wsj_0165.tml,WSJ891102-0026,"Depending upon how many warrants and options  are exercised prior to completion of the transaction, Heritage would issue between 1.8 million and 2.35 million preferred shares, a Heritage spokesman estimated. ",
19,transaction,e30,exercised,e14,warrant,0,wsj_0165.tml,WSJ891102-0026,"Depending upon how many warrants and options  are exercised prior to completion of the transaction, Heritage would issue between 1.8 million and 2.35 million preferred shares, a Heritage spokesman estimated. ",
20,transaction,e30,completion,e29,warrant,0,wsj_0165.tml,WSJ891102-0026,"Depending upon how many warrants and options  are exercised prior to completion of the transaction, Heritage would issue between 1.8 million and 2.35 million preferred shares, a Heritage spokesman estimated. ",
21,issue,e15,estimated,e17,warrant,0,wsj_0165.tml,WSJ891102-0026,"Depending upon how many warrants and options  are exercised prior to completion of the transaction, Heritage would issue between 1.8 million and 2.35 million preferred shares, a Heritage spokesman estimated. ",
22,issue,e15,exercised,e14,warrant,0,wsj_0165.tml,WSJ891102-0026,"Depending upon how many warrants and options  are exercised prior to completion of the transaction, Heritage would issue between 1.8 million and 2.35 million preferred shares, a Heritage spokesman estimated. ",
23,issue,e15,completion,e29,warrant,0,wsj_0165.tml,WSJ891102-0026,"Depending upon how many warrants and options  are exercised prior to completion of the transaction, Heritage would issue between 1.8 million and 2.35 million preferred shares, a Heritage spokesman estimated. ",
24,estimated,e17,exercised,e14,warrant,0,wsj_0165.tml,WSJ891102-0026,"Depending upon how many warrants and options  are exercised prior to completion of the transaction, Heritage would issue between 1.8 million and 2.35 million preferred shares, a Heritage spokesman estimated. ",
25,estimated,e17,completion,e29,warrant,0,wsj_0165.tml,WSJ891102-0026,"Depending upon how many warrants and options  are exercised prior to completion of the transaction, Heritage would issue between 1.8 million and 2.35 million preferred shares, a Heritage spokesman estimated. ",
26,exercised,e14,completion,e29,warrant,0,wsj_0165.tml,WSJ891102-0026,"Depending upon how many warrants and options  are exercised prior to completion of the transaction, Heritage would issue between 1.8 million and 2.35 million preferred shares, a Heritage spokesman estimated. ",
27,extension,e29,completed,e34,allow,1,wsj_0159.tml,WSJ891102-0032,DD Acquisition said the extension is to allow this process to be completed.,
28,extension,e29,said,e28,allow,0,wsj_0159.tml,WSJ891102-0032,DD Acquisition said the extension is to allow this process to be completed.,
29,extension,e29,allow,e206,allow,0,wsj_0159.tml,WSJ891102-0032,DD Acquisition said the extension is to allow this process to be completed.,
30,completed,e34,said,e28,allow,0,wsj_0159.tml,WSJ891102-0032,DD Acquisition said the extension is to allow this process to be completed.,
31,completed,e34,allow,e206,allow,0,wsj_0159.tml,WSJ891102-0032,DD Acquisition said the extension is to allow this process to be completed.,
32,said,e28,allow,e206,allow,0,wsj_0159.tml,WSJ891102-0032,DD Acquisition said the extension is to allow this process to be completed.,
33,allow,e41,said,e40,allow,0,wsj_0904.tml,WSJ891026-0155,"Mr. Swavely said the new space will allow Compaq to increase the manufacturing capacity of its plant in Erskine, Scotland.    ",
34,allow,e41,increase,e43,allow,0,wsj_0904.tml,WSJ891026-0155,"Mr. Swavely said the new space will allow Compaq to increase the manufacturing capacity of its plant in Erskine, Scotland.    ",
35,said,e40,increase,e43,allow,0,wsj_0904.tml,WSJ891026-0155,"Mr. Swavely said the new space will allow Compaq to increase the manufacturing capacity of its plant in Erskine, Scotland.    ",
36,buy,e13,entitle,e10,entitle,0,wsj_1031.tml,WSJ891026-0025,"Under certain circumstances, the rights would entitle Philip Morris holders to buy shares of either the company or its acquirer for half price.    ",
37,right,e2000,warrants,e1998,entitle,0,wsj_0073.tml,WSJ891102-0119,Each right entitles the shareholder  to buy $100 face amount of 13.5% bonds due 1993 and warrants  to buy 23.5 common shares at 30 cents a share.,
38,right,e2000,entitles,e7,entitle,0,wsj_0073.tml,WSJ891102-0119,Each right entitles the shareholder  to buy $100 face amount of 13.5% bonds due 1993 and warrants  to buy 23.5 common shares at 30 cents a share.,
39,right,e2000,buy,e9,entitle,0,wsj_0073.tml,WSJ891102-0119,Each right entitles the shareholder  to buy $100 face amount of 13.5% bonds due 1993 and warrants  to buy 23.5 common shares at 30 cents a share.,
40,right,e2000,buy,e8,entitle,1,wsj_0073.tml,WSJ891102-0119,Each right entitles the shareholder  to buy $100 face amount of 13.5% bonds due 1993 and warrants  to buy 23.5 common shares at 30 cents a share.,
41,warrants,e1998,entitles,e7,entitle,0,wsj_0073.tml,WSJ891102-0119,Each right entitles the shareholder  to buy $100 face amount of 13.5% bonds due 1993 and warrants  to buy 23.5 common shares at 30 cents a share.,
42,warrants,e1998,buy,e9,entitle,0,wsj_0073.tml,WSJ891102-0119,Each right entitles the shareholder  to buy $100 face amount of 13.5% bonds due 1993 and warrants  to buy 23.5 common shares at 30 cents a share.,
43,warrants,e1998,buy,e8,entitle,0,wsj_0073.tml,WSJ891102-0119,Each right entitles the shareholder  to buy $100 face amount of 13.5% bonds due 1993 and warrants  to buy 23.5 common shares at 30 cents a share.,
44,entitles,e7,buy,e9,entitle,0,wsj_0073.tml,WSJ891102-0119,Each right entitles the shareholder  to buy $100 face amount of 13.5% bonds due 1993 and warrants  to buy 23.5 common shares at 30 cents a share.,
45,entitles,e7,buy,e8,entitle,0,wsj_0073.tml,WSJ891102-0119,Each right entitles the shareholder  to buy $100 face amount of 13.5% bonds due 1993 and warrants  to buy 23.5 common shares at 30 cents a share.,
46,buy,e9,buy,e8,entitle,0,wsj_0073.tml,WSJ891102-0119,Each right entitles the shareholder  to buy $100 face amount of 13.5% bonds due 1993 and warrants  to buy 23.5 common shares at 30 cents a share.,
47,right,e2000,warrants,e1998,warrant,0,wsj_0073.tml,WSJ891102-0119,Each right entitles the shareholder  to buy $100 face amount of 13.5% bonds due 1993 and warrants  to buy 23.5 common shares at 30 cents a share.,
48,right,e2000,entitles,e7,warrant,0,wsj_0073.tml,WSJ891102-0119,Each right entitles the shareholder  to buy $100 face amount of 13.5% bonds due 1993 and warrants  to buy 23.5 common shares at 30 cents a share.,
49,right,e2000,buy,e9,warrant,1,wsj_0073.tml,WSJ891102-0119,Each right entitles the shareholder  to buy $100 face amount of 13.5% bonds due 1993 and warrants  to buy 23.5 common shares at 30 cents a share.,
50,right,e2000,buy,e8,warrant,0,wsj_0073.tml,WSJ891102-0119,Each right entitles the shareholder  to buy $100 face amount of 13.5% bonds due 1993 and warrants  to buy 23.5 common shares at 30 cents a share.,
51,warrants,e1998,entitles,e7,warrant,0,wsj_0073.tml,WSJ891102-0119,Each right entitles the shareholder  to buy $100 face amount of 13.5% bonds due 1993 and warrants  to buy 23.5 common shares at 30 cents a share.,
52,warrants,e1998,buy,e9,warrant,0,wsj_0073.tml,WSJ891102-0119,Each right entitles the shareholder  to buy $100 face amount of 13.5% bonds due 1993 and warrants  to buy 23.5 common shares at 30 cents a share.,
53,warrants,e1998,buy,e8,warrant,0,wsj_0073.tml,WSJ891102-0119,Each right entitles the shareholder  to buy $100 face amount of 13.5% bonds due 1993 and warrants  to buy 23.5 common shares at 30 cents a share.,
54,entitles,e7,buy,e9,warrant,0,wsj_0073.tml,WSJ891102-0119,Each right entitles the shareholder  to buy $100 face amount of 13.5% bonds due 1993 and warrants  to buy 23.5 common shares at 30 cents a share.,
55,entitles,e7,buy,e8,warrant,0,wsj_0073.tml,WSJ891102-0119,Each right entitles the shareholder  to buy $100 face amount of 13.5% bonds due 1993 and warrants  to buy 23.5 common shares at 30 cents a share.,
56,buy,e9,buy,e8,warrant,0,wsj_0073.tml,WSJ891102-0119,Each right entitles the shareholder  to buy $100 face amount of 13.5% bonds due 1993 and warrants  to buy 23.5 common shares at 30 cents a share.,
57,buy,e13,price,e29,allow,0,wsj_0924.tml,WSJ891026-0134,"Once triggered, the rights allow holders to buy additional shares at 50% of the then current market price or, at the board's discretion, to receive securities or assets.    ",
58,buy,e13,receive,e16,allow,0,wsj_0924.tml,WSJ891026-0134,"Once triggered, the rights allow holders to buy additional shares at 50% of the then current market price or, at the board's discretion, to receive securities or assets.    ",
59,buy,e13,triggered,e11,allow,0,wsj_0924.tml,WSJ891026-0134,"Once triggered, the rights allow holders to buy additional shares at 50% of the then current market price or, at the board's discretion, to receive securities or assets.    ",
60,buy,e13,allow,e27,allow,0,wsj_0924.tml,WSJ891026-0134,"Once triggered, the rights allow holders to buy additional shares at 50% of the then current market price or, at the board's discretion, to receive securities or assets.    ",
61,price,e29,receive,e16,allow,0,wsj_0924.tml,WSJ891026-0134,"Once triggered, the rights allow holders to buy additional shares at 50% of the then current market price or, at the board's discretion, to receive securities or assets.    ",
62,price,e29,triggered,e11,allow,0,wsj_0924.tml,WSJ891026-0134,"Once triggered, the rights allow holders to buy additional shares at 50% of the then current market price or, at the board's discretion, to receive securities or assets.    ",
63,price,e29,allow,e27,allow,0,wsj_0924.tml,WSJ891026-0134,"Once triggered, the rights allow holders to buy additional shares at 50% of the then current market price or, at the board's discretion, to receive securities or assets.    ",
64,receive,e16,triggered,e11,allow,0,wsj_0924.tml,WSJ891026-0134,"Once triggered, the rights allow holders to buy additional shares at 50% of the then current market price or, at the board's discretion, to receive securities or assets.    ",
65,receive,e16,allow,e27,allow,0,wsj_0924.tml,WSJ891026-0134,"Once triggered, the rights allow holders to buy additional shares at 50% of the then current market price or, at the board's discretion, to receive securities or assets.    ",
66,triggered,e11,allow,e27,allow,0,wsj_0924.tml,WSJ891026-0134,"Once triggered, the rights allow holders to buy additional shares at 50% of the then current market price or, at the board's discretion, to receive securities or assets.    ",
67,said,e10,allow,e14,allow,0,wsj_0542.tml,WSJ891030-0159,Dow Jones said it extended the offer to allow shareholders time to review a supplement to the Dow Jones tender offer circular that it mailed last Friday.,
68,said,e10,offer,e12,allow,0,wsj_0542.tml,WSJ891030-0159,Dow Jones said it extended the offer to allow shareholders time to review a supplement to the Dow Jones tender offer circular that it mailed last Friday.,
69,said,e10,mailed,e19,allow,0,wsj_0542.tml,WSJ891030-0159,Dow Jones said it extended the offer to allow shareholders time to review a supplement to the Dow Jones tender offer circular that it mailed last Friday.,
70,said,e10,review,e17,allow,0,wsj_0542.tml,WSJ891030-0159,Dow Jones said it extended the offer to allow shareholders time to review a supplement to the Dow Jones tender offer circular that it mailed last Friday.,
71,said,e10,extended,e11,allow,0,wsj_0542.tml,WSJ891030-0159,Dow Jones said it extended the offer to allow shareholders time to review a supplement to the Dow Jones tender offer circular that it mailed last Friday.,
72,allow,e14,offer,e12,allow,0,wsj_0542.tml,WSJ891030-0159,Dow Jones said it extended the offer to allow shareholders time to review a supplement to the Dow Jones tender offer circular that it mailed last Friday.,
73,allow,e14,mailed,e19,allow,0,wsj_0542.tml,WSJ891030-0159,Dow Jones said it extended the offer to allow shareholders time to review a supplement to the Dow Jones tender offer circular that it mailed last Friday.,
74,allow,e14,review,e17,allow,0,wsj_0542.tml,WSJ891030-0159,Dow Jones said it extended the offer to allow shareholders time to review a supplement to the Dow Jones tender offer circular that it mailed last Friday.,
75,allow,e14,extended,e11,allow,0,wsj_0542.tml,WSJ891030-0159,Dow Jones said it extended the offer to allow shareholders time to review a supplement to the Dow Jones tender offer circular that it mailed last Friday.,
76,offer,e12,mailed,e19,allow,0,wsj_0542.tml,WSJ891030-0159,Dow Jones said it extended the offer to allow shareholders time to review a supplement to the Dow Jones tender offer circular that it mailed last Friday.,
77,offer,e12,review,e17,allow,0,wsj_0542.tml,WSJ891030-0159,Dow Jones said it extended the offer to allow shareholders time to review a supplement to the Dow Jones tender offer circular that it mailed last Friday.,
78,offer,e12,extended,e11,allow,0,wsj_0542.tml,WSJ891030-0159,Dow Jones said it extended the offer to allow shareholders time to review a supplement to the Dow Jones tender offer circular that it mailed last Friday.,
79,mailed,e19,review,e17,allow,0,wsj_0542.tml,WSJ891030-0159,Dow Jones said it extended the offer to allow shareholders time to review a supplement to the Dow Jones tender offer circular that it mailed last Friday.,
80,mailed,e19,extended,e11,allow,0,wsj_0542.tml,WSJ891030-0159,Dow Jones said it extended the offer to allow shareholders time to review a supplement to the Dow Jones tender offer circular that it mailed last Friday.,
81,extended,e11,review,e17,allow,2,wsj_0542.tml,WSJ891030-0159,Dow Jones said it extended the offer to allow shareholders time to review a supplement to the Dow Jones tender offer circular that it mailed last Friday.,1.0
82,entitle,e15,offering,e41,entitle,0,wsj_0798.tml,WSJ891027-0097,"Canada's largest department store operator said the rights offering will entitle holders of its ordinary shares, except residents in the U.S. and Britain, to subscribe for two additional shares for every five shares held at a price of C$31.25 a share. ",
83,entitle,e15,said,e13,entitle,0,wsj_0798.tml,WSJ891027-0097,"Canada's largest department store operator said the rights offering will entitle holders of its ordinary shares, except residents in the U.S. and Britain, to subscribe for two additional shares for every five shares held at a price of C$31.25 a share. ",
84,entitle,e15,subscribe,e17,entitle,0,wsj_0798.tml,WSJ891027-0097,"Canada's largest department store operator said the rights offering will entitle holders of its ordinary shares, except residents in the U.S. and Britain, to subscribe for two additional shares for every five shares held at a price of C$31.25 a share. ",
85,offering,e41,said,e13,entitle,0,wsj_0798.tml,WSJ891027-0097,"Canada's largest department store operator said the rights offering will entitle holders of its ordinary shares, except residents in the U.S. and Britain, to subscribe for two additional shares for every five shares held at a price of C$31.25 a share. ",
86,offering,e41,subscribe,e17,entitle,1,wsj_0798.tml,WSJ891027-0097,"Canada's largest department store operator said the rights offering will entitle holders of its ordinary shares, except residents in the U.S. and Britain, to subscribe for two additional shares for every five shares held at a price of C$31.25 a share. ",
87,said,e13,subscribe,e17,entitle,0,wsj_0798.tml,WSJ891027-0097,"Canada's largest department store operator said the rights offering will entitle holders of its ordinary shares, except residents in the U.S. and Britain, to subscribe for two additional shares for every five shares held at a price of C$31.25 a share. ",
88,holds,e24,subscribe,e25,entitle,0,wsj_0798.tml,WSJ891027-0097,"Hudson's Bay said that Woodbridge Co., which currently holds about 77% of the ordinary shares, will subscribe for all the shares to which it is entitled and for any shares that are n't otherwise taken up. ",
89,holds,e24,said,e23,entitle,0,wsj_0798.tml,WSJ891027-0097,"Hudson's Bay said that Woodbridge Co., which currently holds about 77% of the ordinary shares, will subscribe for all the shares to which it is entitled and for any shares that are n't otherwise taken up. ",
90,subscribe,e25,said,e23,entitle,0,wsj_0798.tml,WSJ891027-0097,"Hudson's Bay said that Woodbridge Co., which currently holds about 77% of the ordinary shares, will subscribe for all the shares to which it is entitled and for any shares that are n't otherwise taken up. ",
91,approval,e5,acquire,e9,permit,1,wsj_0713.tml,WSJ891027-0182,"The approval, which had been expected, permits West Germany's second-largest bank to acquire shares of the French investment bank.    ",
92,approval,e5,expected,e6,permit,0,wsj_0713.tml,WSJ891027-0182,"The approval, which had been expected, permits West Germany's second-largest bank to acquire shares of the French investment bank.    ",
93,approval,e5,permits,e7,permit,0,wsj_0713.tml,WSJ891027-0182,"The approval, which had been expected, permits West Germany's second-largest bank to acquire shares of the French investment bank.    ",
94,acquire,e9,expected,e6,permit,0,wsj_0713.tml,WSJ891027-0182,"The approval, which had been expected, permits West Germany's second-largest bank to acquire shares of the French investment bank.    ",
95,acquire,e9,permits,e7,permit,0,wsj_0713.tml,WSJ891027-0182,"The approval, which had been expected, permits West Germany's second-largest bank to acquire shares of the French investment bank.    ",
96,expected,e6,permits,e7,permit,0,wsj_0713.tml,WSJ891027-0182,"The approval, which had been expected, permits West Germany's second-largest bank to acquire shares of the French investment bank.    ",
97,said,e1,declared,e2,warrant,0,wsj_1042.tml,WSJ891026-0014,AVON RENT-A-CAR amp TRUCK Corp. said it declared a dividend of one warrant for each three shares of common stock.,
98,issued,e7,said,e8,warrant,0,wsj_1042.tml,WSJ891026-0014,"About 1.1 million Class C warrants were issued, the company said. ",
99,enable,e10,purchase,e12,enable,0,wsj_1042.tml,WSJ891026-0014,Each of the Class C warrants will enable the holders to purchase one share of common stock at $5.50.,
100,enable,e10,purchase,e12,warrant,0,wsj_1042.tml,WSJ891026-0014,Each of the Class C warrants will enable the holders to purchase one share of common stock at $5.50.,
101,issue,e32,exercised,e14,warrant,0,wsj_1042.tml,WSJ891026-0014,The warrants may be exercised until 90 days after their issue date.,
102,issue,e18,said,e17,warrant,0,wsj_1042.tml,WSJ891026-0014,"Avon also said it will issue an additional 243,677 of the Class C warrants to holders of its Class A, Class B and unclassified warrants. ",
103,authorized,e1,payable,e12,authorize,0,wsj_0752.tml,WSJ891027-0143,"AEP INDUSTRIES Inc. directors authorized a 3-for-2 split of the common, payable Dec. 7 to stock of record Nov. 22. ",
104,authorized,e1,split,e2,authorize,0,wsj_0752.tml,WSJ891027-0143,"AEP INDUSTRIES Inc. directors authorized a 3-for-2 split of the common, payable Dec. 7 to stock of record Nov. 22. ",
105,authorized,e1,record,e3,authorize,0,wsj_0752.tml,WSJ891027-0143,"AEP INDUSTRIES Inc. directors authorized a 3-for-2 split of the common, payable Dec. 7 to stock of record Nov. 22. ",
106,payable,e12,split,e2,authorize,0,wsj_0752.tml,WSJ891027-0143,"AEP INDUSTRIES Inc. directors authorized a 3-for-2 split of the common, payable Dec. 7 to stock of record Nov. 22. ",
107,payable,e12,record,e3,authorize,0,wsj_0752.tml,WSJ891027-0143,"AEP INDUSTRIES Inc. directors authorized a 3-for-2 split of the common, payable Dec. 7 to stock of record Nov. 22. ",
108,split,e2,record,e3,authorize,0,wsj_0752.tml,WSJ891027-0143,"AEP INDUSTRIES Inc. directors authorized a 3-for-2 split of the common, payable Dec. 7 to stock of record Nov. 22. ",
109,provision,e634,seeking,e33,allow,0,AP900816-0139.tml,AP900816-0139,"At a news conference, Secretary of State James A. Baker III saidJordan `` is seeking some guidance'' about a provision in theU.N.-backed trade embargo that allows food for humanitarianpurposes.   ",
110,provision,e634,said,e32,allow,0,AP900816-0139.tml,AP900816-0139,"At a news conference, Secretary of State James A. Baker III saidJordan `` is seeking some guidance'' about a provision in theU.N.-backed trade embargo that allows food for humanitarianpurposes.   ",
111,provision,e634,guidance,e221,allow,0,AP900816-0139.tml,AP900816-0139,"At a news conference, Secretary of State James A. Baker III saidJordan `` is seeking some guidance'' about a provision in theU.N.-backed trade embargo that allows food for humanitarianpurposes.   ",
112,provision,e634,allows,e35,allow,0,AP900816-0139.tml,AP900816-0139,"At a news conference, Secretary of State James A. Baker III saidJordan `` is seeking some guidance'' about a provision in theU.N.-backed trade embargo that allows food for humanitarianpurposes.   ",
113,provision,e634,conference,e220,allow,0,AP900816-0139.tml,AP900816-0139,"At a news conference, Secretary of State James A. Baker III saidJordan `` is seeking some guidance'' about a provision in theU.N.-backed trade embargo that allows food for humanitarianpurposes.   ",
114,provision,e634,embargo,e223,allow,0,AP900816-0139.tml,AP900816-0139,"At a news conference, Secretary of State James A. Baker III saidJordan `` is seeking some guidance'' about a provision in theU.N.-backed trade embargo that allows food for humanitarianpurposes.   ",
115,seeking,e33,said,e32,allow,0,AP900816-0139.tml,AP900816-0139,"At a news conference, Secretary of State James A. Baker III saidJordan `` is seeking some guidance'' about a provision in theU.N.-backed trade embargo that allows food for humanitarianpurposes.   ",
116,seeking,e33,guidance,e221,allow,0,AP900816-0139.tml,AP900816-0139,"At a news conference, Secretary of State James A. Baker III saidJordan `` is seeking some guidance'' about a provision in theU.N.-backed trade embargo that allows food for humanitarianpurposes.   ",
117,seeking,e33,allows,e35,allow,0,AP900816-0139.tml,AP900816-0139,"At a news conference, Secretary of State James A. Baker III saidJordan `` is seeking some guidance'' about a provision in theU.N.-backed trade embargo that allows food for humanitarianpurposes.   ",
118,seeking,e33,conference,e220,allow,0,AP900816-0139.tml,AP900816-0139,"At a news conference, Secretary of State James A. Baker III saidJordan `` is seeking some guidance'' about a provision in theU.N.-backed trade embargo that allows food for humanitarianpurposes.   ",
119,seeking,e33,embargo,e223,allow,0,AP900816-0139.tml,AP900816-0139,"At a news conference, Secretary of State James A. Baker III saidJordan `` is seeking some guidance'' about a provision in theU.N.-backed trade embargo that allows food for humanitarianpurposes.   ",
120,said,e32,guidance,e221,allow,0,AP900816-0139.tml,AP900816-0139,"At a news conference, Secretary of State James A. Baker III saidJordan `` is seeking some guidance'' about a provision in theU.N.-backed trade embargo that allows food for humanitarianpurposes.   ",
121,said,e32,allows,e35,allow,0,AP900816-0139.tml,AP900816-0139,"At a news conference, Secretary of State James A. Baker III saidJordan `` is seeking some guidance'' about a provision in theU.N.-backed trade embargo that allows food for humanitarianpurposes.   ",
122,said,e32,conference,e220,allow,0,AP900816-0139.tml,AP900816-0139,"At a news conference, Secretary of State James A. Baker III saidJordan `` is seeking some guidance'' about a provision in theU.N.-backed trade embargo that allows food for humanitarianpurposes.   ",
123,said,e32,embargo,e223,allow,0,AP900816-0139.tml,AP900816-0139,"At a news conference, Secretary of State James A. Baker III saidJordan `` is seeking some guidance'' about a provision in theU.N.-backed trade embargo that allows food for humanitarianpurposes.   ",
124,guidance,e221,allows,e35,allow,0,AP900816-0139.tml,AP900816-0139,"At a news conference, Secretary of State James A. Baker III saidJordan `` is seeking some guidance'' about a provision in theU.N.-backed trade embargo that allows food for humanitarianpurposes.   ",
125,guidance,e221,conference,e220,allow,0,AP900816-0139.tml,AP900816-0139,"At a news conference, Secretary of State James A. Baker III saidJordan `` is seeking some guidance'' about a provision in theU.N.-backed trade embargo that allows food for humanitarianpurposes.   ",
126,guidance,e221,embargo,e223,allow,0,AP900816-0139.tml,AP900816-0139,"At a news conference, Secretary of State James A. Baker III saidJordan `` is seeking some guidance'' about a provision in theU.N.-backed trade embargo that allows food for humanitarianpurposes.   ",
127,allows,e35,conference,e220,allow,0,AP900816-0139.tml,AP900816-0139,"At a news conference, Secretary of State James A. Baker III saidJordan `` is seeking some guidance'' about a provision in theU.N.-backed trade embargo that allows food for humanitarianpurposes.   ",
128,allows,e35,embargo,e223,allow,0,AP900816-0139.tml,AP900816-0139,"At a news conference, Secretary of State James A. Baker III saidJordan `` is seeking some guidance'' about a provision in theU.N.-backed trade embargo that allows food for humanitarianpurposes.   ",
129,conference,e220,embargo,e223,allow,0,AP900816-0139.tml,AP900816-0139,"At a news conference, Secretary of State James A. Baker III saidJordan `` is seeking some guidance'' about a provision in theU.N.-backed trade embargo that allows food for humanitarianpurposes.   ",
130,authorize,e96,use,e97,authorize,0,AP900816-0139.tml,AP900816-0139,"Bush  was expected  to authorize navalcommanders  to use ``the minimum force necessary''  to interdictshipments to and from Iraq, a U.S. official said. ",
131,authorize,e96,said,e99,authorize,0,AP900816-0139.tml,AP900816-0139,"Bush  was expected  to authorize navalcommanders  to use ``the minimum force necessary''  to interdictshipments to and from Iraq, a U.S. official said. ",
132,authorize,e96,expected,e95,authorize,0,AP900816-0139.tml,AP900816-0139,"Bush  was expected  to authorize navalcommanders  to use ``the minimum force necessary''  to interdictshipments to and from Iraq, a U.S. official said. ",
133,authorize,e96,interdict,e98,authorize,0,AP900816-0139.tml,AP900816-0139,"Bush  was expected  to authorize navalcommanders  to use ``the minimum force necessary''  to interdictshipments to and from Iraq, a U.S. official said. ",
134,use,e97,said,e99,authorize,0,AP900816-0139.tml,AP900816-0139,"Bush  was expected  to authorize navalcommanders  to use ``the minimum force necessary''  to interdictshipments to and from Iraq, a U.S. official said. ",
135,use,e97,expected,e95,authorize,0,AP900816-0139.tml,AP900816-0139,"Bush  was expected  to authorize navalcommanders  to use ``the minimum force necessary''  to interdictshipments to and from Iraq, a U.S. official said. ",
136,use,e97,interdict,e98,authorize,0,AP900816-0139.tml,AP900816-0139,"Bush  was expected  to authorize navalcommanders  to use ``the minimum force necessary''  to interdictshipments to and from Iraq, a U.S. official said. ",
137,said,e99,expected,e95,authorize,0,AP900816-0139.tml,AP900816-0139,"Bush  was expected  to authorize navalcommanders  to use ``the minimum force necessary''  to interdictshipments to and from Iraq, a U.S. official said. ",
138,said,e99,interdict,e98,authorize,0,AP900816-0139.tml,AP900816-0139,"Bush  was expected  to authorize navalcommanders  to use ``the minimum force necessary''  to interdictshipments to and from Iraq, a U.S. official said. ",
139,expected,e95,interdict,e98,authorize,0,AP900816-0139.tml,AP900816-0139,"Bush  was expected  to authorize navalcommanders  to use ``the minimum force necessary''  to interdictshipments to and from Iraq, a U.S. official said. ",
140,allow,e105,dispose,e102,allow,0,wsj_1013.tml,WSJ891026-0043,"Columbia officials said they do n't know how quickly they will dispose of the thrift's junk bonds, because federal regulations, such as those that would allow thrifts to continue holding the bonds in separately capitalized subsidiaries, have n't yet been completed.    ",
141,allow,e105,know,e100,allow,0,wsj_1013.tml,WSJ891026-0043,"Columbia officials said they do n't know how quickly they will dispose of the thrift's junk bonds, because federal regulations, such as those that would allow thrifts to continue holding the bonds in separately capitalized subsidiaries, have n't yet been completed.    ",
142,allow,e105,holding,e109,allow,0,wsj_1013.tml,WSJ891026-0043,"Columbia officials said they do n't know how quickly they will dispose of the thrift's junk bonds, because federal regulations, such as those that would allow thrifts to continue holding the bonds in separately capitalized subsidiaries, have n't yet been completed.    ",
143,allow,e105,said,e99,allow,0,wsj_1013.tml,WSJ891026-0043,"Columbia officials said they do n't know how quickly they will dispose of the thrift's junk bonds, because federal regulations, such as those that would allow thrifts to continue holding the bonds in separately capitalized subsidiaries, have n't yet been completed.    ",
144,allow,e105,completed,e111,allow,0,wsj_1013.tml,WSJ891026-0043,"Columbia officials said they do n't know how quickly they will dispose of the thrift's junk bonds, because federal regulations, such as those that would allow thrifts to continue holding the bonds in separately capitalized subsidiaries, have n't yet been completed.    ",
145,allow,e105,continue,e108,allow,0,wsj_1013.tml,WSJ891026-0043,"Columbia officials said they do n't know how quickly they will dispose of the thrift's junk bonds, because federal regulations, such as those that would allow thrifts to continue holding the bonds in separately capitalized subsidiaries, have n't yet been completed.    ",
146,dispose,e102,know,e100,allow,0,wsj_1013.tml,WSJ891026-0043,"Columbia officials said they do n't know how quickly they will dispose of the thrift's junk bonds, because federal regulations, such as those that would allow thrifts to continue holding the bonds in separately capitalized subsidiaries, have n't yet been completed.    ",
147,dispose,e102,holding,e109,allow,0,wsj_1013.tml,WSJ891026-0043,"Columbia officials said they do n't know how quickly they will dispose of the thrift's junk bonds, because federal regulations, such as those that would allow thrifts to continue holding the bonds in separately capitalized subsidiaries, have n't yet been completed.    ",
148,dispose,e102,said,e99,allow,0,wsj_1013.tml,WSJ891026-0043,"Columbia officials said they do n't know how quickly they will dispose of the thrift's junk bonds, because federal regulations, such as those that would allow thrifts to continue holding the bonds in separately capitalized subsidiaries, have n't yet been completed.    ",
149,dispose,e102,completed,e111,allow,0,wsj_1013.tml,WSJ891026-0043,"Columbia officials said they do n't know how quickly they will dispose of the thrift's junk bonds, because federal regulations, such as those that would allow thrifts to continue holding the bonds in separately capitalized subsidiaries, have n't yet been completed.    ",
150,dispose,e102,continue,e108,allow,0,wsj_1013.tml,WSJ891026-0043,"Columbia officials said they do n't know how quickly they will dispose of the thrift's junk bonds, because federal regulations, such as those that would allow thrifts to continue holding the bonds in separately capitalized subsidiaries, have n't yet been completed.    ",
151,know,e100,holding,e109,allow,0,wsj_1013.tml,WSJ891026-0043,"Columbia officials said they do n't know how quickly they will dispose of the thrift's junk bonds, because federal regulations, such as those that would allow thrifts to continue holding the bonds in separately capitalized subsidiaries, have n't yet been completed.    ",
152,know,e100,said,e99,allow,0,wsj_1013.tml,WSJ891026-0043,"Columbia officials said they do n't know how quickly they will dispose of the thrift's junk bonds, because federal regulations, such as those that would allow thrifts to continue holding the bonds in separately capitalized subsidiaries, have n't yet been completed.    ",
153,know,e100,completed,e111,allow,0,wsj_1013.tml,WSJ891026-0043,"Columbia officials said they do n't know how quickly they will dispose of the thrift's junk bonds, because federal regulations, such as those that would allow thrifts to continue holding the bonds in separately capitalized subsidiaries, have n't yet been completed.    ",
154,know,e100,continue,e108,allow,0,wsj_1013.tml,WSJ891026-0043,"Columbia officials said they do n't know how quickly they will dispose of the thrift's junk bonds, because federal regulations, such as those that would allow thrifts to continue holding the bonds in separately capitalized subsidiaries, have n't yet been completed.    ",
155,holding,e109,said,e99,allow,0,wsj_1013.tml,WSJ891026-0043,"Columbia officials said they do n't know how quickly they will dispose of the thrift's junk bonds, because federal regulations, such as those that would allow thrifts to continue holding the bonds in separately capitalized subsidiaries, have n't yet been completed.    ",
156,holding,e109,completed,e111,allow,0,wsj_1013.tml,WSJ891026-0043,"Columbia officials said they do n't know how quickly they will dispose of the thrift's junk bonds, because federal regulations, such as those that would allow thrifts to continue holding the bonds in separately capitalized subsidiaries, have n't yet been completed.    ",
157,holding,e109,continue,e108,allow,0,wsj_1013.tml,WSJ891026-0043,"Columbia officials said they do n't know how quickly they will dispose of the thrift's junk bonds, because federal regulations, such as those that would allow thrifts to continue holding the bonds in separately capitalized subsidiaries, have n't yet been completed.    ",
158,said,e99,completed,e111,allow,0,wsj_1013.tml,WSJ891026-0043,"Columbia officials said they do n't know how quickly they will dispose of the thrift's junk bonds, because federal regulations, such as those that would allow thrifts to continue holding the bonds in separately capitalized subsidiaries, have n't yet been completed.    ",
159,said,e99,continue,e108,allow,0,wsj_1013.tml,WSJ891026-0043,"Columbia officials said they do n't know how quickly they will dispose of the thrift's junk bonds, because federal regulations, such as those that would allow thrifts to continue holding the bonds in separately capitalized subsidiaries, have n't yet been completed.    ",
160,completed,e111,continue,e108,allow,0,wsj_1013.tml,WSJ891026-0043,"Columbia officials said they do n't know how quickly they will dispose of the thrift's junk bonds, because federal regulations, such as those that would allow thrifts to continue holding the bonds in separately capitalized subsidiaries, have n't yet been completed.    ",
161,says,e50,cater,e49,allow,0,wsj_0927.tml,WSJ891026-0131,"The new services allow U.S. Trust to cater to the ""new wealth,"" Mr. Schwarz says.    ",
162,says,e50,allow,e47,allow,0,wsj_0927.tml,WSJ891026-0131,"The new services allow U.S. Trust to cater to the ""new wealth,"" Mr. Schwarz says.    ",
163,cater,e49,allow,e47,allow,0,wsj_0927.tml,WSJ891026-0131,"The new services allow U.S. Trust to cater to the ""new wealth,"" Mr. Schwarz says.    ",
164,amass,e142,request,e138,let,0,wsj_0745.tml,WSJ891027-0150,"Prime Minister Margaret Thatcher might , however , be receptive to any request by Jaguar Chairman Sir John Egan for the restriction's early removal to let GM amass more than 15% or mount a friendly suitor bid against Ford. ",
165,amass,e142,receptive,e2011,let,0,wsj_0745.tml,WSJ891027-0150,"Prime Minister Margaret Thatcher might , however , be receptive to any request by Jaguar Chairman Sir John Egan for the restriction's early removal to let GM amass more than 15% or mount a friendly suitor bid against Ford. ",
166,amass,e142,mount,e143,let,0,wsj_0745.tml,WSJ891027-0150,"Prime Minister Margaret Thatcher might , however , be receptive to any request by Jaguar Chairman Sir John Egan for the restriction's early removal to let GM amass more than 15% or mount a friendly suitor bid against Ford. ",
167,amass,e142,bid,e2012,let,0,wsj_0745.tml,WSJ891027-0150,"Prime Minister Margaret Thatcher might , however , be receptive to any request by Jaguar Chairman Sir John Egan for the restriction's early removal to let GM amass more than 15% or mount a friendly suitor bid against Ford. ",
168,removal,e139,amass,e142,let,2,wsj_0745.tml,WSJ891027-0150,"Prime Minister Margaret Thatcher might , however , be receptive to any request by Jaguar Chairman Sir John Egan for the restriction's early removal to let GM amass more than 15% or mount a friendly suitor bid against Ford. ",1.0
169,amass,e142,let,e141,let,0,wsj_0745.tml,WSJ891027-0150,"Prime Minister Margaret Thatcher might , however , be receptive to any request by Jaguar Chairman Sir John Egan for the restriction's early removal to let GM amass more than 15% or mount a friendly suitor bid against Ford. ",
170,request,e138,receptive,e2011,let,0,wsj_0745.tml,WSJ891027-0150,"Prime Minister Margaret Thatcher might , however , be receptive to any request by Jaguar Chairman Sir John Egan for the restriction's early removal to let GM amass more than 15% or mount a friendly suitor bid against Ford. ",
171,request,e138,mount,e143,let,0,wsj_0745.tml,WSJ891027-0150,"Prime Minister Margaret Thatcher might , however , be receptive to any request by Jaguar Chairman Sir John Egan for the restriction's early removal to let GM amass more than 15% or mount a friendly suitor bid against Ford. ",
172,request,e138,bid,e2012,let,0,wsj_0745.tml,WSJ891027-0150,"Prime Minister Margaret Thatcher might , however , be receptive to any request by Jaguar Chairman Sir John Egan for the restriction's early removal to let GM amass more than 15% or mount a friendly suitor bid against Ford. ",
173,request,e138,removal,e139,let,0,wsj_0745.tml,WSJ891027-0150,"Prime Minister Margaret Thatcher might , however , be receptive to any request by Jaguar Chairman Sir John Egan for the restriction's early removal to let GM amass more than 15% or mount a friendly suitor bid against Ford. ",
174,request,e138,let,e141,let,0,wsj_0745.tml,WSJ891027-0150,"Prime Minister Margaret Thatcher might , however , be receptive to any request by Jaguar Chairman Sir John Egan for the restriction's early removal to let GM amass more than 15% or mount a friendly suitor bid against Ford. ",
175,receptive,e2011,mount,e143,let,0,wsj_0745.tml,WSJ891027-0150,"Prime Minister Margaret Thatcher might , however , be receptive to any request by Jaguar Chairman Sir John Egan for the restriction's early removal to let GM amass more than 15% or mount a friendly suitor bid against Ford. ",
176,receptive,e2011,bid,e2012,let,0,wsj_0745.tml,WSJ891027-0150,"Prime Minister Margaret Thatcher might , however , be receptive to any request by Jaguar Chairman Sir John Egan for the restriction's early removal to let GM amass more than 15% or mount a friendly suitor bid against Ford. ",
177,receptive,e2011,removal,e139,let,0,wsj_0745.tml,WSJ891027-0150,"Prime Minister Margaret Thatcher might , however , be receptive to any request by Jaguar Chairman Sir John Egan for the restriction's early removal to let GM amass more than 15% or mount a friendly suitor bid against Ford. ",
178,receptive,e2011,let,e141,let,0,wsj_0745.tml,WSJ891027-0150,"Prime Minister Margaret Thatcher might , however , be receptive to any request by Jaguar Chairman Sir John Egan for the restriction's early removal to let GM amass more than 15% or mount a friendly suitor bid against Ford. ",
179,mount,e143,bid,e2012,let,0,wsj_0745.tml,WSJ891027-0150,"Prime Minister Margaret Thatcher might , however , be receptive to any request by Jaguar Chairman Sir John Egan for the restriction's early removal to let GM amass more than 15% or mount a friendly suitor bid against Ford. ",
180,removal,e139,mount,e143,let,2,wsj_0745.tml,WSJ891027-0150,"Prime Minister Margaret Thatcher might , however , be receptive to any request by Jaguar Chairman Sir John Egan for the restriction's early removal to let GM amass more than 15% or mount a friendly suitor bid against Ford. ",1.0
181,mount,e143,let,e141,let,0,wsj_0745.tml,WSJ891027-0150,"Prime Minister Margaret Thatcher might , however , be receptive to any request by Jaguar Chairman Sir John Egan for the restriction's early removal to let GM amass more than 15% or mount a friendly suitor bid against Ford. ",
182,bid,e2012,removal,e139,let,0,wsj_0745.tml,WSJ891027-0150,"Prime Minister Margaret Thatcher might , however , be receptive to any request by Jaguar Chairman Sir John Egan for the restriction's early removal to let GM amass more than 15% or mount a friendly suitor bid against Ford. ",
183,bid,e2012,let,e141,let,0,wsj_0745.tml,WSJ891027-0150,"Prime Minister Margaret Thatcher might , however , be receptive to any request by Jaguar Chairman Sir John Egan for the restriction's early removal to let GM amass more than 15% or mount a friendly suitor bid against Ford. ",
184,removal,e139,let,e141,let,0,wsj_0745.tml,WSJ891027-0150,"Prime Minister Margaret Thatcher might , however , be receptive to any request by Jaguar Chairman Sir John Egan for the restriction's early removal to let GM amass more than 15% or mount a friendly suitor bid against Ford. ",
185,risks,e17,dictating,e452,enable,0,WSJ910225-0066.tml,WSJ910225-0066,But even continued military success carries political anddiplomatic risks for President Bush and the U.S. The alliedrejection of the last-minute Soviet-led diplomatic effort to avoid the ground war enabled Mr. Bush to seize the initiativefrom an Iraq seemingly bent on dictating peace terms.,
186,risks,e17,war,e22,enable,0,WSJ910225-0066.tml,WSJ910225-0066,But even continued military success carries political anddiplomatic risks for President Bush and the U.S. The alliedrejection of the last-minute Soviet-led diplomatic effort to avoid the ground war enabled Mr. Bush to seize the initiativefrom an Iraq seemingly bent on dictating peace terms.,
187,risks,e17,seize,e25,enable,0,WSJ910225-0066.tml,WSJ910225-0066,But even continued military success carries political anddiplomatic risks for President Bush and the U.S. The alliedrejection of the last-minute Soviet-led diplomatic effort to avoid the ground war enabled Mr. Bush to seize the initiativefrom an Iraq seemingly bent on dictating peace terms.,
188,risks,e17,carries,e16,enable,0,WSJ910225-0066.tml,WSJ910225-0066,But even continued military success carries political anddiplomatic risks for President Bush and the U.S. The alliedrejection of the last-minute Soviet-led diplomatic effort to avoid the ground war enabled Mr. Bush to seize the initiativefrom an Iraq seemingly bent on dictating peace terms.,
189,risks,e17,avoid,e21,enable,0,WSJ910225-0066.tml,WSJ910225-0066,But even continued military success carries political anddiplomatic risks for President Bush and the U.S. The alliedrejection of the last-minute Soviet-led diplomatic effort to avoid the ground war enabled Mr. Bush to seize the initiativefrom an Iraq seemingly bent on dictating peace terms.,
190,risks,e17,continued,e14,enable,0,WSJ910225-0066.tml,WSJ910225-0066,But even continued military success carries political anddiplomatic risks for President Bush and the U.S. The alliedrejection of the last-minute Soviet-led diplomatic effort to avoid the ground war enabled Mr. Bush to seize the initiativefrom an Iraq seemingly bent on dictating peace terms.,
191,risks,e17,enabled,e23,enable,0,WSJ910225-0066.tml,WSJ910225-0066,But even continued military success carries political anddiplomatic risks for President Bush and the U.S. The alliedrejection of the last-minute Soviet-led diplomatic effort to avoid the ground war enabled Mr. Bush to seize the initiativefrom an Iraq seemingly bent on dictating peace terms.,
192,risks,e17,effort,e19,enable,0,WSJ910225-0066.tml,WSJ910225-0066,But even continued military success carries political anddiplomatic risks for President Bush and the U.S. The alliedrejection of the last-minute Soviet-led diplomatic effort to avoid the ground war enabled Mr. Bush to seize the initiativefrom an Iraq seemingly bent on dictating peace terms.,
193,risks,e17,rejection,e18,enable,0,WSJ910225-0066.tml,WSJ910225-0066,But even continued military success carries political anddiplomatic risks for President Bush and the U.S. The alliedrejection of the last-minute Soviet-led diplomatic effort to avoid the ground war enabled Mr. Bush to seize the initiativefrom an Iraq seemingly bent on dictating peace terms.,
194,dictating,e452,war,e22,enable,0,WSJ910225-0066.tml,WSJ910225-0066,But even continued military success carries political anddiplomatic risks for President Bush and the U.S. The alliedrejection of the last-minute Soviet-led diplomatic effort to avoid the ground war enabled Mr. Bush to seize the initiativefrom an Iraq seemingly bent on dictating peace terms.,
195,dictating,e452,seize,e25,enable,0,WSJ910225-0066.tml,WSJ910225-0066,But even continued military success carries political anddiplomatic risks for President Bush and the U.S. The alliedrejection of the last-minute Soviet-led diplomatic effort to avoid the ground war enabled Mr. Bush to seize the initiativefrom an Iraq seemingly bent on dictating peace terms.,
196,dictating,e452,carries,e16,enable,0,WSJ910225-0066.tml,WSJ910225-0066,But even continued military success carries political anddiplomatic risks for President Bush and the U.S. The alliedrejection of the last-minute Soviet-led diplomatic effort to avoid the ground war enabled Mr. Bush to seize the initiativefrom an Iraq seemingly bent on dictating peace terms.,
197,dictating,e452,avoid,e21,enable,0,WSJ910225-0066.tml,WSJ910225-0066,But even continued military success carries political anddiplomatic risks for President Bush and the U.S. The alliedrejection of the last-minute Soviet-led diplomatic effort to avoid the ground war enabled Mr. Bush to seize the initiativefrom an Iraq seemingly bent on dictating peace terms.,
198,dictating,e452,continued,e14,enable,0,WSJ910225-0066.tml,WSJ910225-0066,But even continued military success carries political anddiplomatic risks for President Bush and the U.S. The alliedrejection of the last-minute Soviet-led diplomatic effort to avoid the ground war enabled Mr. Bush to seize the initiativefrom an Iraq seemingly bent on dictating peace terms.,
199,dictating,e452,enabled,e23,enable,0,WSJ910225-0066.tml,WSJ910225-0066,But even continued military success carries political anddiplomatic risks for President Bush and the U.S. The alliedrejection of the last-minute Soviet-led diplomatic effort to avoid the ground war enabled Mr. Bush to seize the initiativefrom an Iraq seemingly bent on dictating peace terms.,
200,dictating,e452,effort,e19,enable,0,WSJ910225-0066.tml,WSJ910225-0066,But even continued military success carries political anddiplomatic risks for President Bush and the U.S. The alliedrejection of the last-minute Soviet-led diplomatic effort to avoid the ground war enabled Mr. Bush to seize the initiativefrom an Iraq seemingly bent on dictating peace terms.,
201,dictating,e452,rejection,e18,enable,0,WSJ910225-0066.tml,WSJ910225-0066,But even continued military success carries political anddiplomatic risks for President Bush and the U.S. The alliedrejection of the last-minute Soviet-led diplomatic effort to avoid the ground war enabled Mr. Bush to seize the initiativefrom an Iraq seemingly bent on dictating peace terms.,
202,war,e22,seize,e25,enable,0,WSJ910225-0066.tml,WSJ910225-0066,But even continued military success carries political anddiplomatic risks for President Bush and the U.S. The alliedrejection of the last-minute Soviet-led diplomatic effort to avoid the ground war enabled Mr. Bush to seize the initiativefrom an Iraq seemingly bent on dictating peace terms.,
203,war,e22,carries,e16,enable,0,WSJ910225-0066.tml,WSJ910225-0066,But even continued military success carries political anddiplomatic risks for President Bush and the U.S. The alliedrejection of the last-minute Soviet-led diplomatic effort to avoid the ground war enabled Mr. Bush to seize the initiativefrom an Iraq seemingly bent on dictating peace terms.,
204,war,e22,avoid,e21,enable,0,WSJ910225-0066.tml,WSJ910225-0066,But even continued military success carries political anddiplomatic risks for President Bush and the U.S. The alliedrejection of the last-minute Soviet-led diplomatic effort to avoid the ground war enabled Mr. Bush to seize the initiativefrom an Iraq seemingly bent on dictating peace terms.,
205,war,e22,continued,e14,enable,0,WSJ910225-0066.tml,WSJ910225-0066,But even continued military success carries political anddiplomatic risks for President Bush and the U.S. The alliedrejection of the last-minute Soviet-led diplomatic effort to avoid the ground war enabled Mr. Bush to seize the initiativefrom an Iraq seemingly bent on dictating peace terms.,
206,war,e22,enabled,e23,enable,0,WSJ910225-0066.tml,WSJ910225-0066,But even continued military success carries political anddiplomatic risks for President Bush and the U.S. The alliedrejection of the last-minute Soviet-led diplomatic effort to avoid the ground war enabled Mr. Bush to seize the initiativefrom an Iraq seemingly bent on dictating peace terms.,
207,war,e22,effort,e19,enable,0,WSJ910225-0066.tml,WSJ910225-0066,But even continued military success carries political anddiplomatic risks for President Bush and the U.S. The alliedrejection of the last-minute Soviet-led diplomatic effort to avoid the ground war enabled Mr. Bush to seize the initiativefrom an Iraq seemingly bent on dictating peace terms.,
208,war,e22,rejection,e18,enable,0,WSJ910225-0066.tml,WSJ910225-0066,But even continued military success carries political anddiplomatic risks for President Bush and the U.S. The alliedrejection of the last-minute Soviet-led diplomatic effort to avoid the ground war enabled Mr. Bush to seize the initiativefrom an Iraq seemingly bent on dictating peace terms.,
209,seize,e25,carries,e16,enable,0,WSJ910225-0066.tml,WSJ910225-0066,But even continued military success carries political anddiplomatic risks for President Bush and the U.S. The alliedrejection of the last-minute Soviet-led diplomatic effort to avoid the ground war enabled Mr. Bush to seize the initiativefrom an Iraq seemingly bent on dictating peace terms.,
210,seize,e25,avoid,e21,enable,0,WSJ910225-0066.tml,WSJ910225-0066,But even continued military success carries political anddiplomatic risks for President Bush and the U.S. The alliedrejection of the last-minute Soviet-led diplomatic effort to avoid the ground war enabled Mr. Bush to seize the initiativefrom an Iraq seemingly bent on dictating peace terms.,
211,seize,e25,continued,e14,enable,0,WSJ910225-0066.tml,WSJ910225-0066,But even continued military success carries political anddiplomatic risks for President Bush and the U.S. The alliedrejection of the last-minute Soviet-led diplomatic effort to avoid the ground war enabled Mr. Bush to seize the initiativefrom an Iraq seemingly bent on dictating peace terms.,
212,seize,e25,enabled,e23,enable,0,WSJ910225-0066.tml,WSJ910225-0066,But even continued military success carries political anddiplomatic risks for President Bush and the U.S. The alliedrejection of the last-minute Soviet-led diplomatic effort to avoid the ground war enabled Mr. Bush to seize the initiativefrom an Iraq seemingly bent on dictating peace terms.,
213,seize,e25,effort,e19,enable,0,WSJ910225-0066.tml,WSJ910225-0066,But even continued military success carries political anddiplomatic risks for President Bush and the U.S. The alliedrejection of the last-minute Soviet-led diplomatic effort to avoid the ground war enabled Mr. Bush to seize the initiativefrom an Iraq seemingly bent on dictating peace terms.,
214,rejection,e18,seize,e25,enable,2,WSJ910225-0066.tml,WSJ910225-0066,But even continued military success carries political anddiplomatic risks for President Bush and the U.S. The alliedrejection of the last-minute Soviet-led diplomatic effort to avoid the ground war enabled Mr. Bush to seize the initiativefrom an Iraq seemingly bent on dictating peace terms.,1.0
215,carries,e16,avoid,e21,enable,0,WSJ910225-0066.tml,WSJ910225-0066,But even continued military success carries political anddiplomatic risks for President Bush and the U.S. The alliedrejection of the last-minute Soviet-led diplomatic effort to avoid the ground war enabled Mr. Bush to seize the initiativefrom an Iraq seemingly bent on dictating peace terms.,
216,carries,e16,continued,e14,enable,0,WSJ910225-0066.tml,WSJ910225-0066,But even continued military success carries political anddiplomatic risks for President Bush and the U.S. The alliedrejection of the last-minute Soviet-led diplomatic effort to avoid the ground war enabled Mr. Bush to seize the initiativefrom an Iraq seemingly bent on dictating peace terms.,
217,carries,e16,enabled,e23,enable,0,WSJ910225-0066.tml,WSJ910225-0066,But even continued military success carries political anddiplomatic risks for President Bush and the U.S. The alliedrejection of the last-minute Soviet-led diplomatic effort to avoid the ground war enabled Mr. Bush to seize the initiativefrom an Iraq seemingly bent on dictating peace terms.,
218,carries,e16,effort,e19,enable,0,WSJ910225-0066.tml,WSJ910225-0066,But even continued military success carries political anddiplomatic risks for President Bush and the U.S. The alliedrejection of the last-minute Soviet-led diplomatic effort to avoid the ground war enabled Mr. Bush to seize the initiativefrom an Iraq seemingly bent on dictating peace terms.,
219,carries,e16,rejection,e18,enable,0,WSJ910225-0066.tml,WSJ910225-0066,But even continued military success carries political anddiplomatic risks for President Bush and the U.S. The alliedrejection of the last-minute Soviet-led diplomatic effort to avoid the ground war enabled Mr. Bush to seize the initiativefrom an Iraq seemingly bent on dictating peace terms.,
220,avoid,e21,continued,e14,enable,0,WSJ910225-0066.tml,WSJ910225-0066,But even continued military success carries political anddiplomatic risks for President Bush and the U.S. The alliedrejection of the last-minute Soviet-led diplomatic effort to avoid the ground war enabled Mr. Bush to seize the initiativefrom an Iraq seemingly bent on dictating peace terms.,
221,avoid,e21,enabled,e23,enable,0,WSJ910225-0066.tml,WSJ910225-0066,But even continued military success carries political anddiplomatic risks for President Bush and the U.S. The alliedrejection of the last-minute Soviet-led diplomatic effort to avoid the ground war enabled Mr. Bush to seize the initiativefrom an Iraq seemingly bent on dictating peace terms.,
222,avoid,e21,effort,e19,enable,0,WSJ910225-0066.tml,WSJ910225-0066,But even continued military success carries political anddiplomatic risks for President Bush and the U.S. The alliedrejection of the last-minute Soviet-led diplomatic effort to avoid the ground war enabled Mr. Bush to seize the initiativefrom an Iraq seemingly bent on dictating peace terms.,
223,avoid,e21,rejection,e18,enable,0,WSJ910225-0066.tml,WSJ910225-0066,But even continued military success carries political anddiplomatic risks for President Bush and the U.S. The alliedrejection of the last-minute Soviet-led diplomatic effort to avoid the ground war enabled Mr. Bush to seize the initiativefrom an Iraq seemingly bent on dictating peace terms.,
224,continued,e14,enabled,e23,enable,0,WSJ910225-0066.tml,WSJ910225-0066,But even continued military success carries political anddiplomatic risks for President Bush and the U.S. The alliedrejection of the last-minute Soviet-led diplomatic effort to avoid the ground war enabled Mr. Bush to seize the initiativefrom an Iraq seemingly bent on dictating peace terms.,
225,continued,e14,effort,e19,enable,0,WSJ910225-0066.tml,WSJ910225-0066,But even continued military success carries political anddiplomatic risks for President Bush and the U.S. The alliedrejection of the last-minute Soviet-led diplomatic effort to avoid the ground war enabled Mr. Bush to seize the initiativefrom an Iraq seemingly bent on dictating peace terms.,
226,continued,e14,rejection,e18,enable,0,WSJ910225-0066.tml,WSJ910225-0066,But even continued military success carries political anddiplomatic risks for President Bush and the U.S. The alliedrejection of the last-minute Soviet-led diplomatic effort to avoid the ground war enabled Mr. Bush to seize the initiativefrom an Iraq seemingly bent on dictating peace terms.,
227,enabled,e23,effort,e19,enable,0,WSJ910225-0066.tml,WSJ910225-0066,But even continued military success carries political anddiplomatic risks for President Bush and the U.S. The alliedrejection of the last-minute Soviet-led diplomatic effort to avoid the ground war enabled Mr. Bush to seize the initiativefrom an Iraq seemingly bent on dictating peace terms.,
228,enabled,e23,rejection,e18,enable,0,WSJ910225-0066.tml,WSJ910225-0066,But even continued military success carries political anddiplomatic risks for President Bush and the U.S. The alliedrejection of the last-minute Soviet-led diplomatic effort to avoid the ground war enabled Mr. Bush to seize the initiativefrom an Iraq seemingly bent on dictating peace terms.,
229,effort,e19,rejection,e18,enable,0,WSJ910225-0066.tml,WSJ910225-0066,But even continued military success carries political anddiplomatic risks for President Bush and the U.S. The alliedrejection of the last-minute Soviet-led diplomatic effort to avoid the ground war enabled Mr. Bush to seize the initiativefrom an Iraq seemingly bent on dictating peace terms.,
230,offensive,e513,let,e312,let,0,WSJ910225-0066.tml,WSJ910225-0066,"Finally, when Iraq failed to respond to the U.S.ultimatum, Mr. Bush let the ground offensive begin aspreviously planned Saturday night.   ",
231,offensive,e513,begin,e313,let,0,WSJ910225-0066.tml,WSJ910225-0066,"Finally, when Iraq failed to respond to the U.S.ultimatum, Mr. Bush let the ground offensive begin aspreviously planned Saturday night.   ",
232,offensive,e513,planned,e314,let,0,WSJ910225-0066.tml,WSJ910225-0066,"Finally, when Iraq failed to respond to the U.S.ultimatum, Mr. Bush let the ground offensive begin aspreviously planned Saturday night.   ",
233,offensive,e513,ultimatum,e529,let,0,WSJ910225-0066.tml,WSJ910225-0066,"Finally, when Iraq failed to respond to the U.S.ultimatum, Mr. Bush let the ground offensive begin aspreviously planned Saturday night.   ",
234,offensive,e513,respond,e311,let,0,WSJ910225-0066.tml,WSJ910225-0066,"Finally, when Iraq failed to respond to the U.S.ultimatum, Mr. Bush let the ground offensive begin aspreviously planned Saturday night.   ",
235,offensive,e513,failed,e309,let,0,WSJ910225-0066.tml,WSJ910225-0066,"Finally, when Iraq failed to respond to the U.S.ultimatum, Mr. Bush let the ground offensive begin aspreviously planned Saturday night.   ",
236,let,e312,begin,e313,let,0,WSJ910225-0066.tml,WSJ910225-0066,"Finally, when Iraq failed to respond to the U.S.ultimatum, Mr. Bush let the ground offensive begin aspreviously planned Saturday night.   ",
237,let,e312,planned,e314,let,0,WSJ910225-0066.tml,WSJ910225-0066,"Finally, when Iraq failed to respond to the U.S.ultimatum, Mr. Bush let the ground offensive begin aspreviously planned Saturday night.   ",
238,let,e312,ultimatum,e529,let,0,WSJ910225-0066.tml,WSJ910225-0066,"Finally, when Iraq failed to respond to the U.S.ultimatum, Mr. Bush let the ground offensive begin aspreviously planned Saturday night.   ",
239,let,e312,respond,e311,let,0,WSJ910225-0066.tml,WSJ910225-0066,"Finally, when Iraq failed to respond to the U.S.ultimatum, Mr. Bush let the ground offensive begin aspreviously planned Saturday night.   ",
240,let,e312,failed,e309,let,0,WSJ910225-0066.tml,WSJ910225-0066,"Finally, when Iraq failed to respond to the U.S.ultimatum, Mr. Bush let the ground offensive begin aspreviously planned Saturday night.   ",
241,begin,e313,planned,e314,let,0,WSJ910225-0066.tml,WSJ910225-0066,"Finally, when Iraq failed to respond to the U.S.ultimatum, Mr. Bush let the ground offensive begin aspreviously planned Saturday night.   ",
242,begin,e313,ultimatum,e529,let,0,WSJ910225-0066.tml,WSJ910225-0066,"Finally, when Iraq failed to respond to the U.S.ultimatum, Mr. Bush let the ground offensive begin aspreviously planned Saturday night.   ",
243,begin,e313,respond,e311,let,0,WSJ910225-0066.tml,WSJ910225-0066,"Finally, when Iraq failed to respond to the U.S.ultimatum, Mr. Bush let the ground offensive begin aspreviously planned Saturday night.   ",
244,begin,e313,failed,e309,let,0,WSJ910225-0066.tml,WSJ910225-0066,"Finally, when Iraq failed to respond to the U.S.ultimatum, Mr. Bush let the ground offensive begin aspreviously planned Saturday night.   ",
245,planned,e314,ultimatum,e529,let,0,WSJ910225-0066.tml,WSJ910225-0066,"Finally, when Iraq failed to respond to the U.S.ultimatum, Mr. Bush let the ground offensive begin aspreviously planned Saturday night.   ",
246,planned,e314,respond,e311,let,0,WSJ910225-0066.tml,WSJ910225-0066,"Finally, when Iraq failed to respond to the U.S.ultimatum, Mr. Bush let the ground offensive begin aspreviously planned Saturday night.   ",
247,planned,e314,failed,e309,let,0,WSJ910225-0066.tml,WSJ910225-0066,"Finally, when Iraq failed to respond to the U.S.ultimatum, Mr. Bush let the ground offensive begin aspreviously planned Saturday night.   ",
248,ultimatum,e529,respond,e311,let,0,WSJ910225-0066.tml,WSJ910225-0066,"Finally, when Iraq failed to respond to the U.S.ultimatum, Mr. Bush let the ground offensive begin aspreviously planned Saturday night.   ",
249,ultimatum,e529,failed,e309,let,0,WSJ910225-0066.tml,WSJ910225-0066,"Finally, when Iraq failed to respond to the U.S.ultimatum, Mr. Bush let the ground offensive begin aspreviously planned Saturday night.   ",
250,respond,e311,failed,e309,let,0,WSJ910225-0066.tml,WSJ910225-0066,"Finally, when Iraq failed to respond to the U.S.ultimatum, Mr. Bush let the ground offensive begin aspreviously planned Saturday night.   ",
251,support,e87,adding,e83,permit,0,wsj_1014.tml,WSJ891026-0042,"""We cannot permit a further slowing in our volume trend,"" Anheuser said, adding it will take ""appropriate competitive pricing actions to support our long-term market share growth strategy"" for the premium brands. ",
252,support,e87,permit,e80,permit,0,wsj_1014.tml,WSJ891026-0042,"""We cannot permit a further slowing in our volume trend,"" Anheuser said, adding it will take ""appropriate competitive pricing actions to support our long-term market share growth strategy"" for the premium brands. ",
253,support,e87,said,e82,permit,0,wsj_1014.tml,WSJ891026-0042,"""We cannot permit a further slowing in our volume trend,"" Anheuser said, adding it will take ""appropriate competitive pricing actions to support our long-term market share growth strategy"" for the premium brands. ",
254,support,e87,take,e84,permit,0,wsj_1014.tml,WSJ891026-0042,"""We cannot permit a further slowing in our volume trend,"" Anheuser said, adding it will take ""appropriate competitive pricing actions to support our long-term market share growth strategy"" for the premium brands. ",
255,support,e87,actions,e85,permit,0,wsj_1014.tml,WSJ891026-0042,"""We cannot permit a further slowing in our volume trend,"" Anheuser said, adding it will take ""appropriate competitive pricing actions to support our long-term market share growth strategy"" for the premium brands. ",
256,support,e87,slowing,e2000,permit,0,wsj_1014.tml,WSJ891026-0042,"""We cannot permit a further slowing in our volume trend,"" Anheuser said, adding it will take ""appropriate competitive pricing actions to support our long-term market share growth strategy"" for the premium brands. ",
257,adding,e83,permit,e80,permit,0,wsj_1014.tml,WSJ891026-0042,"""We cannot permit a further slowing in our volume trend,"" Anheuser said, adding it will take ""appropriate competitive pricing actions to support our long-term market share growth strategy"" for the premium brands. ",
258,adding,e83,said,e82,permit,0,wsj_1014.tml,WSJ891026-0042,"""We cannot permit a further slowing in our volume trend,"" Anheuser said, adding it will take ""appropriate competitive pricing actions to support our long-term market share growth strategy"" for the premium brands. ",
259,adding,e83,take,e84,permit,0,wsj_1014.tml,WSJ891026-0042,"""We cannot permit a further slowing in our volume trend,"" Anheuser said, adding it will take ""appropriate competitive pricing actions to support our long-term market share growth strategy"" for the premium brands. ",
260,adding,e83,actions,e85,permit,0,wsj_1014.tml,WSJ891026-0042,"""We cannot permit a further slowing in our volume trend,"" Anheuser said, adding it will take ""appropriate competitive pricing actions to support our long-term market share growth strategy"" for the premium brands. ",
261,adding,e83,slowing,e2000,permit,0,wsj_1014.tml,WSJ891026-0042,"""We cannot permit a further slowing in our volume trend,"" Anheuser said, adding it will take ""appropriate competitive pricing actions to support our long-term market share growth strategy"" for the premium brands. ",
262,permit,e80,said,e82,permit,0,wsj_1014.tml,WSJ891026-0042,"""We cannot permit a further slowing in our volume trend,"" Anheuser said, adding it will take ""appropriate competitive pricing actions to support our long-term market share growth strategy"" for the premium brands. ",
263,permit,e80,take,e84,permit,0,wsj_1014.tml,WSJ891026-0042,"""We cannot permit a further slowing in our volume trend,"" Anheuser said, adding it will take ""appropriate competitive pricing actions to support our long-term market share growth strategy"" for the premium brands. ",
264,permit,e80,actions,e85,permit,0,wsj_1014.tml,WSJ891026-0042,"""We cannot permit a further slowing in our volume trend,"" Anheuser said, adding it will take ""appropriate competitive pricing actions to support our long-term market share growth strategy"" for the premium brands. ",
265,permit,e80,slowing,e2000,permit,0,wsj_1014.tml,WSJ891026-0042,"""We cannot permit a further slowing in our volume trend,"" Anheuser said, adding it will take ""appropriate competitive pricing actions to support our long-term market share growth strategy"" for the premium brands. ",
266,said,e82,take,e84,permit,0,wsj_1014.tml,WSJ891026-0042,"""We cannot permit a further slowing in our volume trend,"" Anheuser said, adding it will take ""appropriate competitive pricing actions to support our long-term market share growth strategy"" for the premium brands. ",
267,said,e82,actions,e85,permit,0,wsj_1014.tml,WSJ891026-0042,"""We cannot permit a further slowing in our volume trend,"" Anheuser said, adding it will take ""appropriate competitive pricing actions to support our long-term market share growth strategy"" for the premium brands. ",
268,said,e82,slowing,e2000,permit,0,wsj_1014.tml,WSJ891026-0042,"""We cannot permit a further slowing in our volume trend,"" Anheuser said, adding it will take ""appropriate competitive pricing actions to support our long-term market share growth strategy"" for the premium brands. ",
269,take,e84,actions,e85,permit,0,wsj_1014.tml,WSJ891026-0042,"""We cannot permit a further slowing in our volume trend,"" Anheuser said, adding it will take ""appropriate competitive pricing actions to support our long-term market share growth strategy"" for the premium brands. ",
270,take,e84,slowing,e2000,permit,0,wsj_1014.tml,WSJ891026-0042,"""We cannot permit a further slowing in our volume trend,"" Anheuser said, adding it will take ""appropriate competitive pricing actions to support our long-term market share growth strategy"" for the premium brands. ",
271,actions,e85,slowing,e2000,permit,0,wsj_1014.tml,WSJ891026-0042,"""We cannot permit a further slowing in our volume trend,"" Anheuser said, adding it will take ""appropriate competitive pricing actions to support our long-term market share growth strategy"" for the premium brands. ",
272,embargo,e433,asked,e9,allow,0,WSJ900813-0157.tml,WSJ900813-0157,"The White House yesterday disclosed that Kuwait's ousted government has formally asked the U.S. to enforce the total trade embargo the United Nations has imposed on Iraq, allowing the U.S. and other nations to immediately begin stopping ships carrying Iraqi goods.   ",
273,embargo,e433,stopping,e16,allow,0,WSJ900813-0157.tml,WSJ900813-0157,"The White House yesterday disclosed that Kuwait's ousted government has formally asked the U.S. to enforce the total trade embargo the United Nations has imposed on Iraq, allowing the U.S. and other nations to immediately begin stopping ships carrying Iraqi goods.   ",
274,embargo,e433,imposed,e12,allow,0,WSJ900813-0157.tml,WSJ900813-0157,"The White House yesterday disclosed that Kuwait's ousted government has formally asked the U.S. to enforce the total trade embargo the United Nations has imposed on Iraq, allowing the U.S. and other nations to immediately begin stopping ships carrying Iraqi goods.   ",
275,embargo,e433,enforce,e11,allow,0,WSJ900813-0157.tml,WSJ900813-0157,"The White House yesterday disclosed that Kuwait's ousted government has formally asked the U.S. to enforce the total trade embargo the United Nations has imposed on Iraq, allowing the U.S. and other nations to immediately begin stopping ships carrying Iraqi goods.   ",
276,embargo,e433,allowing,e13,allow,0,WSJ900813-0157.tml,WSJ900813-0157,"The White House yesterday disclosed that Kuwait's ousted government has formally asked the U.S. to enforce the total trade embargo the United Nations has imposed on Iraq, allowing the U.S. and other nations to immediately begin stopping ships carrying Iraqi goods.   ",
277,embargo,e433,carrying,e17,allow,0,WSJ900813-0157.tml,WSJ900813-0157,"The White House yesterday disclosed that Kuwait's ousted government has formally asked the U.S. to enforce the total trade embargo the United Nations has imposed on Iraq, allowing the U.S. and other nations to immediately begin stopping ships carrying Iraqi goods.   ",
278,embargo,e433,disclosed,e8,allow,0,WSJ900813-0157.tml,WSJ900813-0157,"The White House yesterday disclosed that Kuwait's ousted government has formally asked the U.S. to enforce the total trade embargo the United Nations has imposed on Iraq, allowing the U.S. and other nations to immediately begin stopping ships carrying Iraqi goods.   ",
279,embargo,e433,begin,e15,allow,0,WSJ900813-0157.tml,WSJ900813-0157,"The White House yesterday disclosed that Kuwait's ousted government has formally asked the U.S. to enforce the total trade embargo the United Nations has imposed on Iraq, allowing the U.S. and other nations to immediately begin stopping ships carrying Iraqi goods.   ",
280,asked,e9,stopping,e16,allow,0,WSJ900813-0157.tml,WSJ900813-0157,"The White House yesterday disclosed that Kuwait's ousted government has formally asked the U.S. to enforce the total trade embargo the United Nations has imposed on Iraq, allowing the U.S. and other nations to immediately begin stopping ships carrying Iraqi goods.   ",
281,asked,e9,imposed,e12,allow,0,WSJ900813-0157.tml,WSJ900813-0157,"The White House yesterday disclosed that Kuwait's ousted government has formally asked the U.S. to enforce the total trade embargo the United Nations has imposed on Iraq, allowing the U.S. and other nations to immediately begin stopping ships carrying Iraqi goods.   ",
282,asked,e9,enforce,e11,allow,0,WSJ900813-0157.tml,WSJ900813-0157,"The White House yesterday disclosed that Kuwait's ousted government has formally asked the U.S. to enforce the total trade embargo the United Nations has imposed on Iraq, allowing the U.S. and other nations to immediately begin stopping ships carrying Iraqi goods.   ",
283,asked,e9,allowing,e13,allow,0,WSJ900813-0157.tml,WSJ900813-0157,"The White House yesterday disclosed that Kuwait's ousted government has formally asked the U.S. to enforce the total trade embargo the United Nations has imposed on Iraq, allowing the U.S. and other nations to immediately begin stopping ships carrying Iraqi goods.   ",
284,asked,e9,carrying,e17,allow,0,WSJ900813-0157.tml,WSJ900813-0157,"The White House yesterday disclosed that Kuwait's ousted government has formally asked the U.S. to enforce the total trade embargo the United Nations has imposed on Iraq, allowing the U.S. and other nations to immediately begin stopping ships carrying Iraqi goods.   ",
285,asked,e9,disclosed,e8,allow,0,WSJ900813-0157.tml,WSJ900813-0157,"The White House yesterday disclosed that Kuwait's ousted government has formally asked the U.S. to enforce the total trade embargo the United Nations has imposed on Iraq, allowing the U.S. and other nations to immediately begin stopping ships carrying Iraqi goods.   ",
286,asked,e9,begin,e15,allow,0,WSJ900813-0157.tml,WSJ900813-0157,"The White House yesterday disclosed that Kuwait's ousted government has formally asked the U.S. to enforce the total trade embargo the United Nations has imposed on Iraq, allowing the U.S. and other nations to immediately begin stopping ships carrying Iraqi goods.   ",
287,stopping,e16,imposed,e12,allow,0,WSJ900813-0157.tml,WSJ900813-0157,"The White House yesterday disclosed that Kuwait's ousted government has formally asked the U.S. to enforce the total trade embargo the United Nations has imposed on Iraq, allowing the U.S. and other nations to immediately begin stopping ships carrying Iraqi goods.   ",
288,stopping,e16,enforce,e11,allow,0,WSJ900813-0157.tml,WSJ900813-0157,"The White House yesterday disclosed that Kuwait's ousted government has formally asked the U.S. to enforce the total trade embargo the United Nations has imposed on Iraq, allowing the U.S. and other nations to immediately begin stopping ships carrying Iraqi goods.   ",
289,stopping,e16,allowing,e13,allow,0,WSJ900813-0157.tml,WSJ900813-0157,"The White House yesterday disclosed that Kuwait's ousted government has formally asked the U.S. to enforce the total trade embargo the United Nations has imposed on Iraq, allowing the U.S. and other nations to immediately begin stopping ships carrying Iraqi goods.   ",
290,stopping,e16,carrying,e17,allow,0,WSJ900813-0157.tml,WSJ900813-0157,"The White House yesterday disclosed that Kuwait's ousted government has formally asked the U.S. to enforce the total trade embargo the United Nations has imposed on Iraq, allowing the U.S. and other nations to immediately begin stopping ships carrying Iraqi goods.   ",
291,stopping,e16,disclosed,e8,allow,0,WSJ900813-0157.tml,WSJ900813-0157,"The White House yesterday disclosed that Kuwait's ousted government has formally asked the U.S. to enforce the total trade embargo the United Nations has imposed on Iraq, allowing the U.S. and other nations to immediately begin stopping ships carrying Iraqi goods.   ",
292,stopping,e16,begin,e15,allow,0,WSJ900813-0157.tml,WSJ900813-0157,"The White House yesterday disclosed that Kuwait's ousted government has formally asked the U.S. to enforce the total trade embargo the United Nations has imposed on Iraq, allowing the U.S. and other nations to immediately begin stopping ships carrying Iraqi goods.   ",
293,imposed,e12,enforce,e11,allow,0,WSJ900813-0157.tml,WSJ900813-0157,"The White House yesterday disclosed that Kuwait's ousted government has formally asked the U.S. to enforce the total trade embargo the United Nations has imposed on Iraq, allowing the U.S. and other nations to immediately begin stopping ships carrying Iraqi goods.   ",
294,imposed,e12,allowing,e13,allow,0,WSJ900813-0157.tml,WSJ900813-0157,"The White House yesterday disclosed that Kuwait's ousted government has formally asked the U.S. to enforce the total trade embargo the United Nations has imposed on Iraq, allowing the U.S. and other nations to immediately begin stopping ships carrying Iraqi goods.   ",
295,imposed,e12,carrying,e17,allow,0,WSJ900813-0157.tml,WSJ900813-0157,"The White House yesterday disclosed that Kuwait's ousted government has formally asked the U.S. to enforce the total trade embargo the United Nations has imposed on Iraq, allowing the U.S. and other nations to immediately begin stopping ships carrying Iraqi goods.   ",
296,imposed,e12,disclosed,e8,allow,0,WSJ900813-0157.tml,WSJ900813-0157,"The White House yesterday disclosed that Kuwait's ousted government has formally asked the U.S. to enforce the total trade embargo the United Nations has imposed on Iraq, allowing the U.S. and other nations to immediately begin stopping ships carrying Iraqi goods.   ",
297,imposed,e12,begin,e15,allow,0,WSJ900813-0157.tml,WSJ900813-0157,"The White House yesterday disclosed that Kuwait's ousted government has formally asked the U.S. to enforce the total trade embargo the United Nations has imposed on Iraq, allowing the U.S. and other nations to immediately begin stopping ships carrying Iraqi goods.   ",
298,enforce,e11,allowing,e13,allow,0,WSJ900813-0157.tml,WSJ900813-0157,"The White House yesterday disclosed that Kuwait's ousted government has formally asked the U.S. to enforce the total trade embargo the United Nations has imposed on Iraq, allowing the U.S. and other nations to immediately begin stopping ships carrying Iraqi goods.   ",
299,enforce,e11,carrying,e17,allow,0,WSJ900813-0157.tml,WSJ900813-0157,"The White House yesterday disclosed that Kuwait's ousted government has formally asked the U.S. to enforce the total trade embargo the United Nations has imposed on Iraq, allowing the U.S. and other nations to immediately begin stopping ships carrying Iraqi goods.   ",
300,enforce,e11,disclosed,e8,allow,0,WSJ900813-0157.tml,WSJ900813-0157,"The White House yesterday disclosed that Kuwait's ousted government has formally asked the U.S. to enforce the total trade embargo the United Nations has imposed on Iraq, allowing the U.S. and other nations to immediately begin stopping ships carrying Iraqi goods.   ",
301,enforce,e11,begin,e15,allow,1,WSJ900813-0157.tml,WSJ900813-0157,"The White House yesterday disclosed that Kuwait's ousted government has formally asked the U.S. to enforce the total trade embargo the United Nations has imposed on Iraq, allowing the U.S. and other nations to immediately begin stopping ships carrying Iraqi goods.   ",
302,allowing,e13,carrying,e17,allow,0,WSJ900813-0157.tml,WSJ900813-0157,"The White House yesterday disclosed that Kuwait's ousted government has formally asked the U.S. to enforce the total trade embargo the United Nations has imposed on Iraq, allowing the U.S. and other nations to immediately begin stopping ships carrying Iraqi goods.   ",
303,allowing,e13,disclosed,e8,allow,0,WSJ900813-0157.tml,WSJ900813-0157,"The White House yesterday disclosed that Kuwait's ousted government has formally asked the U.S. to enforce the total trade embargo the United Nations has imposed on Iraq, allowing the U.S. and other nations to immediately begin stopping ships carrying Iraqi goods.   ",
304,allowing,e13,begin,e15,allow,0,WSJ900813-0157.tml,WSJ900813-0157,"The White House yesterday disclosed that Kuwait's ousted government has formally asked the U.S. to enforce the total trade embargo the United Nations has imposed on Iraq, allowing the U.S. and other nations to immediately begin stopping ships carrying Iraqi goods.   ",
305,carrying,e17,disclosed,e8,allow,0,WSJ900813-0157.tml,WSJ900813-0157,"The White House yesterday disclosed that Kuwait's ousted government has formally asked the U.S. to enforce the total trade embargo the United Nations has imposed on Iraq, allowing the U.S. and other nations to immediately begin stopping ships carrying Iraqi goods.   ",
306,carrying,e17,begin,e15,allow,0,WSJ900813-0157.tml,WSJ900813-0157,"The White House yesterday disclosed that Kuwait's ousted government has formally asked the U.S. to enforce the total trade embargo the United Nations has imposed on Iraq, allowing the U.S. and other nations to immediately begin stopping ships carrying Iraqi goods.   ",
307,disclosed,e8,begin,e15,allow,0,WSJ900813-0157.tml,WSJ900813-0157,"The White House yesterday disclosed that Kuwait's ousted government has formally asked the U.S. to enforce the total trade embargo the United Nations has imposed on Iraq, allowing the U.S. and other nations to immediately begin stopping ships carrying Iraqi goods.   ",
308,attack,e242,respond,e241,allow,0,WSJ900813-0157.tml,WSJ900813-0157,Israel has publicly declared that it will respond to an Iraqi attack on Jordan because it wo n't allow Iraq's dangerous army to take control of Jordan's long border with Israel.,
309,attack,e242,allow,e243,allow,0,WSJ900813-0157.tml,WSJ900813-0157,Israel has publicly declared that it will respond to an Iraqi attack on Jordan because it wo n't allow Iraq's dangerous army to take control of Jordan's long border with Israel.,
310,attack,e242,take,e703,allow,0,WSJ900813-0157.tml,WSJ900813-0157,Israel has publicly declared that it will respond to an Iraqi attack on Jordan because it wo n't allow Iraq's dangerous army to take control of Jordan's long border with Israel.,
311,attack,e242,declared,e240,allow,0,WSJ900813-0157.tml,WSJ900813-0157,Israel has publicly declared that it will respond to an Iraqi attack on Jordan because it wo n't allow Iraq's dangerous army to take control of Jordan's long border with Israel.,
312,respond,e241,allow,e243,allow,0,WSJ900813-0157.tml,WSJ900813-0157,Israel has publicly declared that it will respond to an Iraqi attack on Jordan because it wo n't allow Iraq's dangerous army to take control of Jordan's long border with Israel.,
313,respond,e241,take,e703,allow,0,WSJ900813-0157.tml,WSJ900813-0157,Israel has publicly declared that it will respond to an Iraqi attack on Jordan because it wo n't allow Iraq's dangerous army to take control of Jordan's long border with Israel.,
314,respond,e241,declared,e240,allow,0,WSJ900813-0157.tml,WSJ900813-0157,Israel has publicly declared that it will respond to an Iraqi attack on Jordan because it wo n't allow Iraq's dangerous army to take control of Jordan's long border with Israel.,
315,allow,e243,take,e703,allow,0,WSJ900813-0157.tml,WSJ900813-0157,Israel has publicly declared that it will respond to an Iraqi attack on Jordan because it wo n't allow Iraq's dangerous army to take control of Jordan's long border with Israel.,
316,allow,e243,declared,e240,allow,0,WSJ900813-0157.tml,WSJ900813-0157,Israel has publicly declared that it will respond to an Iraqi attack on Jordan because it wo n't allow Iraq's dangerous army to take control of Jordan's long border with Israel.,
317,take,e703,declared,e240,allow,0,WSJ900813-0157.tml,WSJ900813-0157,Israel has publicly declared that it will respond to an Iraqi attack on Jordan because it wo n't allow Iraq's dangerous army to take control of Jordan's long border with Israel.,
318,leave,e266,become,e267,allow,0,WSJ900813-0157.tml,WSJ900813-0157,They are n't being allowed to leave and could become hostages.,
319,leave,e266,allowed,e263,allow,0,WSJ900813-0157.tml,WSJ900813-0157,They are n't being allowed to leave and could become hostages.,
320,become,e267,allowed,e263,allow,0,WSJ900813-0157.tml,WSJ900813-0157,They are n't being allowed to leave and could become hostages.,
321,said,e68,warrant,e73,warrant,0,wsj_0610.tml,WSJ891030-0089,He said construction would n't resume until market conditions warrant it.,
322,said,e68,construction,e69,warrant,0,wsj_0610.tml,WSJ891030-0089,He said construction would n't resume until market conditions warrant it.,
323,said,e68,resume,e70,warrant,0,wsj_0610.tml,WSJ891030-0089,He said construction would n't resume until market conditions warrant it.,
324,warrant,e73,construction,e69,warrant,0,wsj_0610.tml,WSJ891030-0089,He said construction would n't resume until market conditions warrant it.,
325,warrant,e73,resume,e70,warrant,0,wsj_0610.tml,WSJ891030-0089,He said construction would n't resume until market conditions warrant it.,
326,construction,e69,resume,e70,warrant,0,wsj_0610.tml,WSJ891030-0089,He said construction would n't resume until market conditions warrant it.,
