event1,eid1,event2,eid2,signal,annotation,Doc name,Doc ID,sentence
filed,e4,said,e1,charge,0,2010.01.18.uk.israel.livni.tml,2010.01.18.uk.israel.livni,"Tzipi Livni, leader of a key Israeli opposition party, said Monday she would be willing to face arrest to challenge the validity of war crimes charges reportedly filed against her in a British court."""
filed,e4,challenge,e3,charge,0,2010.01.18.uk.israel.livni.tml,2010.01.18.uk.israel.livni,"Tzipi Livni, leader of a key Israeli opposition party, said Monday she would be willing to face arrest to challenge the validity of war crimes charges reportedly filed against her in a British court."""
said,e1,challenge,e3,charge,0,2010.01.18.uk.israel.livni.tml,2010.01.18.uk.israel.livni,"Tzipi Livni, leader of a key Israeli opposition party, said Monday she would be willing to face arrest to challenge the validity of war crimes charges reportedly filed against her in a British court."""
ended,e17,served,e16,end,0,2010.01.18.uk.israel.livni.tml,2010.01.18.uk.israel.livni,Livni had served as Israel's foreign minister during an Israeli three-week military offensive against Hamas in Gaza that ended exactly one year ago.
helped,e36,conducted,e34,support,0,2010.01.18.uk.israel.livni.tml,2010.01.18.uk.israel.livni,"She said that the Israeli military had already conducted its own investigation into the actions of its soldiers, but that she did not necessarily support a public inquiry in Israel, unless it helped Israeli soldiers when they traveled outside Israel."""
helped,e36,said,e33,support,0,2010.01.18.uk.israel.livni.tml,2010.01.18.uk.israel.livni,"She said that the Israeli military had already conducted its own investigation into the actions of its soldiers, but that she did not necessarily support a public inquiry in Israel, unless it helped Israeli soldiers when they traveled outside Israel."""
helped,e36,traveled,e37,support,0,2010.01.18.uk.israel.livni.tml,2010.01.18.uk.israel.livni,"She said that the Israeli military had already conducted its own investigation into the actions of its soldiers, but that she did not necessarily support a public inquiry in Israel, unless it helped Israeli soldiers when they traveled outside Israel."""
conducted,e34,said,e33,support,0,2010.01.18.uk.israel.livni.tml,2010.01.18.uk.israel.livni,"She said that the Israeli military had already conducted its own investigation into the actions of its soldiers, but that she did not necessarily support a public inquiry in Israel, unless it helped Israeli soldiers when they traveled outside Israel."""
conducted,e34,traveled,e37,support,0,2010.01.18.uk.israel.livni.tml,2010.01.18.uk.israel.livni,"She said that the Israeli military had already conducted its own investigation into the actions of its soldiers, but that she did not necessarily support a public inquiry in Israel, unless it helped Israeli soldiers when they traveled outside Israel."""
said,e33,traveled,e37,support,0,2010.01.18.uk.israel.livni.tml,2010.01.18.uk.israel.livni,"She said that the Israeli military had already conducted its own investigation into the actions of its soldiers, but that she did not necessarily support a public inquiry in Israel, unless it helped Israeli soldiers when they traveled outside Israel."""
said,e49,fighting,e48,end,0,2010.01.18.uk.israel.livni.tml,2010.01.18.uk.israel.livni,"One year after end of fighting in Gaza, Livni said that the Israeli blockade of Gaza would stay in place."""
host,e2,prepares,e1,prepare,0,2010.02.05.sotu.crowley.column.tml,2010.02.05.sotu.crowley.column,"As she prepares to host her first show, Crowley writes on what viewers should expect."
host,e2,writes,e3,prepare,0,2010.02.05.sotu.crowley.column.tml,2010.02.05.sotu.crowley.column,"As she prepares to host her first show, Crowley writes on what viewers should expect."
prepares,e1,writes,e3,prepare,0,2010.02.05.sotu.crowley.column.tml,2010.02.05.sotu.crowley.column,"As she prepares to host her first show, Crowley writes on what viewers should expect."
build,e10,trained,e9,design,0,2010.02.03.cross.quake.resistant.housing.tml,2010.02.03.cross.quake.resistant.housing,"The group, Article 25, worked with local craftspeople to develop a design that could withstand earthquakes and trained them to build the structures."
build,e10,develop,e7,design,0,2010.02.03.cross.quake.resistant.housing.tml,2010.02.03.cross.quake.resistant.housing,"The group, Article 25, worked with local craftspeople to develop a design that could withstand earthquakes and trained them to build the structures."
build,e10,worked,e6,design,0,2010.02.03.cross.quake.resistant.housing.tml,2010.02.03.cross.quake.resistant.housing,"The group, Article 25, worked with local craftspeople to develop a design that could withstand earthquakes and trained them to build the structures."
trained,e9,develop,e7,design,0,2010.02.03.cross.quake.resistant.housing.tml,2010.02.03.cross.quake.resistant.housing,"The group, Article 25, worked with local craftspeople to develop a design that could withstand earthquakes and trained them to build the structures."
trained,e9,worked,e6,design,0,2010.02.03.cross.quake.resistant.housing.tml,2010.02.03.cross.quake.resistant.housing,"The group, Article 25, worked with local craftspeople to develop a design that could withstand earthquakes and trained them to build the structures."
develop,e7,worked,e6,design,0,2010.02.03.cross.quake.resistant.housing.tml,2010.02.03.cross.quake.resistant.housing,"The group, Article 25, worked with local craftspeople to develop a design that could withstand earthquakes and trained them to build the structures."
turn,e40,need,e39,point,0,2010.02.03.cross.quake.resistant.housing.tml,2010.02.03.cross.quake.resistant.housing,"But there is going to come a point very shortly when minds need to turn to longer-term construction planning, and that's where architects and engineers have a role to play."
afford,e48,working,e44,design,0,2010.02.03.cross.quake.resistant.housing.tml,2010.02.03.cross.quake.resistant.housing,"But the important factor is that it's still ongoing, that we need to be there for the long run....What we were doing there was working with local NGOs [ non-governmental organizations ], particularly with Muslim Aid, to identify the most vulnerable members of the community who could most benefit from our architectural and design skills, and could n't afford to buy in their own construction expertise, and would be most marginalized and vulnerable in the future."
lost,e84,dissipated,e83,design,0,2010.02.03.cross.quake.resistant.housing.tml,2010.02.03.cross.quake.resistant.housing,"What that generates is a design which flexes when the earthquake strikes, the energy of the earthquake is dissipated through the many framing elements of the building, and the energy is lost in the friction between the timber and the stone infill....A concrete-block building which is n't able to flex is more apt to collapse...."
needed,e120,falls,e121,point,0,2010.02.03.cross.quake.resistant.housing.tml,2010.02.03.cross.quake.resistant.housing,"The funding for short-term relief is good and is needed, but very often at the point of about a year, that funding just falls off a cliff."
told,e51,started,e54,want,0,2010.01.13.mexico.human.traffic.drug.tml,2010.01.13.mexico.human.traffic.drug,He told me he wanted to see his mummy then I started crying and said'I do n't think you're ever going to see your mummy again.'
told,e51,wanted,e52,want,0,2010.01.13.mexico.human.traffic.drug.tml,2010.01.13.mexico.human.traffic.drug,He told me he wanted to see his mummy then I started crying and said'I do n't think you're ever going to see your mummy again.'
told,e51,crying,e55,want,0,2010.01.13.mexico.human.traffic.drug.tml,2010.01.13.mexico.human.traffic.drug,He told me he wanted to see his mummy then I started crying and said'I do n't think you're ever going to see your mummy again.'
started,e54,wanted,e52,want,0,2010.01.13.mexico.human.traffic.drug.tml,2010.01.13.mexico.human.traffic.drug,He told me he wanted to see his mummy then I started crying and said'I do n't think you're ever going to see your mummy again.'
started,e54,crying,e55,want,0,2010.01.13.mexico.human.traffic.drug.tml,2010.01.13.mexico.human.traffic.drug,He told me he wanted to see his mummy then I started crying and said'I do n't think you're ever going to see your mummy again.'
wanted,e52,crying,e55,want,0,2010.01.13.mexico.human.traffic.drug.tml,2010.01.13.mexico.human.traffic.drug,He told me he wanted to see his mummy then I started crying and said'I do n't think you're ever going to see your mummy again.'
want,e68,said,e71,want,0,2010.01.13.mexico.human.traffic.drug.tml,2010.01.13.mexico.human.traffic.drug,"I want to tell the story so that in the near future, other girls do n't go through the same, "" Maria said."""
using,e34,magnified,e31,ideal,0,2010.01.08.facebook.bra.color.tml,2010.01.08.facebook.bra.color,"It's an ideal example of how an individual voice can be magnified to create awareness for a good cause and ignite action among millions by using a site like Facebook. """
tried,e50,falling,e52,try,0,2010.01.12.haiti.earthquake.tml,2010.01.12.haiti.earthquake,"Many of our staff have tried to leave, but were unsuccessful because the walls from buildings and private residences are falling into the streets, so that it has pretty much blocked significantly most of the traffic. """
tried,e50,blocked,e53,try,0,2010.01.12.haiti.earthquake.tml,2010.01.12.haiti.earthquake,"Many of our staff have tried to leave, but were unsuccessful because the walls from buildings and private residences are falling into the streets, so that it has pretty much blocked significantly most of the traffic. """
falling,e52,blocked,e53,try,0,2010.01.12.haiti.earthquake.tml,2010.01.12.haiti.earthquake,"Many of our staff have tried to leave, but were unsuccessful because the walls from buildings and private residences are falling into the streets, so that it has pretty much blocked significantly most of the traffic. """
said,e104,prepared,e105,prepare,0,2010.01.12.haiti.earthquake.tml,2010.01.12.haiti.earthquake,"At the Pentagon, the U.S. military said humanitarian aid was being prepared for shipping, but it was not yet clear where or how it would be sent."
said,e104,sent,e106,prepare,0,2010.01.12.haiti.earthquake.tml,2010.01.12.haiti.earthquake,"At the Pentagon, the U.S. military said humanitarian aid was being prepared for shipping, but it was not yet clear where or how it would be sent."
prepared,e105,sent,e106,prepare,0,2010.01.12.haiti.earthquake.tml,2010.01.12.haiti.earthquake,"At the Pentagon, the U.S. military said humanitarian aid was being prepared for shipping, but it was not yet clear where or how it would be sent."
growing,e17,decide,e19,decide,0,2010.01.07.water.justice.tml,2010.01.07.water.justice,"The reality is that there is more demand than supply, and the increase in demand and decrease in supply is growing, so it makes a big difference how we're going to decide who's going to allocate water. """
growing,e17,decide,e19,demand,0,2010.01.07.water.justice.tml,2010.01.07.water.justice,"The reality is that there is more demand than supply, and the increase in demand and decrease in supply is growing, so it makes a big difference how we're going to decide who's going to allocate water. """
reported,e11,delivering,e9,aim,0,2010.02.06.iran.nuclear.tml,2010.02.06.iran.nuclear,"By mass producing and delivering these modern arms, Iran's department of defense aims to increase its ground and air defenses, the semi-official Fars news agency reported."
coincided,e12,toppled,e14,mark,0,2010.02.06.iran.nuclear.tml,2010.02.06.iran.nuclear,"The announcement of new missile production coincided with a 10-day period marking the 31st anniversary of the 1979 Islamic revolution that toppled the U.S. - backed shah."""
coincided,e12,marking,e13,mark,0,2010.02.06.iran.nuclear.tml,2010.02.06.iran.nuclear,"The announcement of new missile production coincided with a 10-day period marking the 31st anniversary of the 1979 Islamic revolution that toppled the U.S. - backed shah."""
toppled,e14,marking,e13,mark,0,2010.02.06.iran.nuclear.tml,2010.02.06.iran.nuclear,"The announcement of new missile production coincided with a 10-day period marking the 31st anniversary of the 1979 Islamic revolution that toppled the U.S. - backed shah."""
suspects,e26,says,e29,try,0,2010.02.06.iran.nuclear.tml,2010.02.06.iran.nuclear,"The West suspects Iran of trying to build nuclear bombs, but Iran says its program is for peaceful power generation."
said,e30,build,e36,plan,0,2010.02.06.iran.nuclear.tml,2010.02.06.iran.nuclear,"On Friday, Iran's foreign minister said he believes a solution will be reached over a proposed deal to export uranium for enrichment abroad, a demand of Western nations that worry that Tehran plans to use its program to build nuclear weapons."""
said,e30,plans,e34,plan,0,2010.02.06.iran.nuclear.tml,2010.02.06.iran.nuclear,"On Friday, Iran's foreign minister said he believes a solution will be reached over a proposed deal to export uranium for enrichment abroad, a demand of Western nations that worry that Tehran plans to use its program to build nuclear weapons."""
said,e30,use,e35,plan,0,2010.02.06.iran.nuclear.tml,2010.02.06.iran.nuclear,"On Friday, Iran's foreign minister said he believes a solution will be reached over a proposed deal to export uranium for enrichment abroad, a demand of Western nations that worry that Tehran plans to use its program to build nuclear weapons."""
said,e30,reached,e32,plan,0,2010.02.06.iran.nuclear.tml,2010.02.06.iran.nuclear,"On Friday, Iran's foreign minister said he believes a solution will be reached over a proposed deal to export uranium for enrichment abroad, a demand of Western nations that worry that Tehran plans to use its program to build nuclear weapons."""
said,e30,believes,e31,plan,0,2010.02.06.iran.nuclear.tml,2010.02.06.iran.nuclear,"On Friday, Iran's foreign minister said he believes a solution will be reached over a proposed deal to export uranium for enrichment abroad, a demand of Western nations that worry that Tehran plans to use its program to build nuclear weapons."""
build,e36,plans,e34,plan,0,2010.02.06.iran.nuclear.tml,2010.02.06.iran.nuclear,"On Friday, Iran's foreign minister said he believes a solution will be reached over a proposed deal to export uranium for enrichment abroad, a demand of Western nations that worry that Tehran plans to use its program to build nuclear weapons."""
build,e36,use,e35,plan,2,2010.02.06.iran.nuclear.tml,2010.02.06.iran.nuclear,"On Friday, Iran's foreign minister said he believes a solution will be reached over a proposed deal to export uranium for enrichment abroad, a demand of Western nations that worry that Tehran plans to use its program to build nuclear weapons."""
build,e36,reached,e32,plan,0,2010.02.06.iran.nuclear.tml,2010.02.06.iran.nuclear,"On Friday, Iran's foreign minister said he believes a solution will be reached over a proposed deal to export uranium for enrichment abroad, a demand of Western nations that worry that Tehran plans to use its program to build nuclear weapons."""
build,e36,believes,e31,plan,0,2010.02.06.iran.nuclear.tml,2010.02.06.iran.nuclear,"On Friday, Iran's foreign minister said he believes a solution will be reached over a proposed deal to export uranium for enrichment abroad, a demand of Western nations that worry that Tehran plans to use its program to build nuclear weapons."""
plans,e34,use,e35,plan,0,2010.02.06.iran.nuclear.tml,2010.02.06.iran.nuclear,"On Friday, Iran's foreign minister said he believes a solution will be reached over a proposed deal to export uranium for enrichment abroad, a demand of Western nations that worry that Tehran plans to use its program to build nuclear weapons."""
plans,e34,reached,e32,plan,0,2010.02.06.iran.nuclear.tml,2010.02.06.iran.nuclear,"On Friday, Iran's foreign minister said he believes a solution will be reached over a proposed deal to export uranium for enrichment abroad, a demand of Western nations that worry that Tehran plans to use its program to build nuclear weapons."""
plans,e34,believes,e31,plan,0,2010.02.06.iran.nuclear.tml,2010.02.06.iran.nuclear,"On Friday, Iran's foreign minister said he believes a solution will be reached over a proposed deal to export uranium for enrichment abroad, a demand of Western nations that worry that Tehran plans to use its program to build nuclear weapons."""
use,e35,reached,e32,plan,0,2010.02.06.iran.nuclear.tml,2010.02.06.iran.nuclear,"On Friday, Iran's foreign minister said he believes a solution will be reached over a proposed deal to export uranium for enrichment abroad, a demand of Western nations that worry that Tehran plans to use its program to build nuclear weapons."""
use,e35,believes,e31,plan,0,2010.02.06.iran.nuclear.tml,2010.02.06.iran.nuclear,"On Friday, Iran's foreign minister said he believes a solution will be reached over a proposed deal to export uranium for enrichment abroad, a demand of Western nations that worry that Tehran plans to use its program to build nuclear weapons."""
reached,e32,believes,e31,plan,0,2010.02.06.iran.nuclear.tml,2010.02.06.iran.nuclear,"On Friday, Iran's foreign minister said he believes a solution will be reached over a proposed deal to export uranium for enrichment abroad, a demand of Western nations that worry that Tehran plans to use its program to build nuclear weapons."""
said,e30,build,e36,propose,0,2010.02.06.iran.nuclear.tml,2010.02.06.iran.nuclear,"On Friday, Iran's foreign minister said he believes a solution will be reached over a proposed deal to export uranium for enrichment abroad, a demand of Western nations that worry that Tehran plans to use its program to build nuclear weapons."""
said,e30,plans,e34,propose,0,2010.02.06.iran.nuclear.tml,2010.02.06.iran.nuclear,"On Friday, Iran's foreign minister said he believes a solution will be reached over a proposed deal to export uranium for enrichment abroad, a demand of Western nations that worry that Tehran plans to use its program to build nuclear weapons."""
said,e30,use,e35,propose,0,2010.02.06.iran.nuclear.tml,2010.02.06.iran.nuclear,"On Friday, Iran's foreign minister said he believes a solution will be reached over a proposed deal to export uranium for enrichment abroad, a demand of Western nations that worry that Tehran plans to use its program to build nuclear weapons."""
said,e30,reached,e32,propose,0,2010.02.06.iran.nuclear.tml,2010.02.06.iran.nuclear,"On Friday, Iran's foreign minister said he believes a solution will be reached over a proposed deal to export uranium for enrichment abroad, a demand of Western nations that worry that Tehran plans to use its program to build nuclear weapons."""
said,e30,believes,e31,propose,0,2010.02.06.iran.nuclear.tml,2010.02.06.iran.nuclear,"On Friday, Iran's foreign minister said he believes a solution will be reached over a proposed deal to export uranium for enrichment abroad, a demand of Western nations that worry that Tehran plans to use its program to build nuclear weapons."""
build,e36,plans,e34,propose,0,2010.02.06.iran.nuclear.tml,2010.02.06.iran.nuclear,"On Friday, Iran's foreign minister said he believes a solution will be reached over a proposed deal to export uranium for enrichment abroad, a demand of Western nations that worry that Tehran plans to use its program to build nuclear weapons."""
build,e36,use,e35,propose,0,2010.02.06.iran.nuclear.tml,2010.02.06.iran.nuclear,"On Friday, Iran's foreign minister said he believes a solution will be reached over a proposed deal to export uranium for enrichment abroad, a demand of Western nations that worry that Tehran plans to use its program to build nuclear weapons."""
build,e36,reached,e32,propose,0,2010.02.06.iran.nuclear.tml,2010.02.06.iran.nuclear,"On Friday, Iran's foreign minister said he believes a solution will be reached over a proposed deal to export uranium for enrichment abroad, a demand of Western nations that worry that Tehran plans to use its program to build nuclear weapons."""
build,e36,believes,e31,propose,0,2010.02.06.iran.nuclear.tml,2010.02.06.iran.nuclear,"On Friday, Iran's foreign minister said he believes a solution will be reached over a proposed deal to export uranium for enrichment abroad, a demand of Western nations that worry that Tehran plans to use its program to build nuclear weapons."""
plans,e34,use,e35,propose,0,2010.02.06.iran.nuclear.tml,2010.02.06.iran.nuclear,"On Friday, Iran's foreign minister said he believes a solution will be reached over a proposed deal to export uranium for enrichment abroad, a demand of Western nations that worry that Tehran plans to use its program to build nuclear weapons."""
plans,e34,reached,e32,propose,0,2010.02.06.iran.nuclear.tml,2010.02.06.iran.nuclear,"On Friday, Iran's foreign minister said he believes a solution will be reached over a proposed deal to export uranium for enrichment abroad, a demand of Western nations that worry that Tehran plans to use its program to build nuclear weapons."""
plans,e34,believes,e31,propose,0,2010.02.06.iran.nuclear.tml,2010.02.06.iran.nuclear,"On Friday, Iran's foreign minister said he believes a solution will be reached over a proposed deal to export uranium for enrichment abroad, a demand of Western nations that worry that Tehran plans to use its program to build nuclear weapons."""
use,e35,reached,e32,propose,0,2010.02.06.iran.nuclear.tml,2010.02.06.iran.nuclear,"On Friday, Iran's foreign minister said he believes a solution will be reached over a proposed deal to export uranium for enrichment abroad, a demand of Western nations that worry that Tehran plans to use its program to build nuclear weapons."""
use,e35,believes,e31,propose,0,2010.02.06.iran.nuclear.tml,2010.02.06.iran.nuclear,"On Friday, Iran's foreign minister said he believes a solution will be reached over a proposed deal to export uranium for enrichment abroad, a demand of Western nations that worry that Tehran plans to use its program to build nuclear weapons."""
reached,e32,believes,e31,propose,0,2010.02.06.iran.nuclear.tml,2010.02.06.iran.nuclear,"On Friday, Iran's foreign minister said he believes a solution will be reached over a proposed deal to export uranium for enrichment abroad, a demand of Western nations that worry that Tehran plans to use its program to build nuclear weapons."""
said,e30,build,e36,demand,0,2010.02.06.iran.nuclear.tml,2010.02.06.iran.nuclear,"On Friday, Iran's foreign minister said he believes a solution will be reached over a proposed deal to export uranium for enrichment abroad, a demand of Western nations that worry that Tehran plans to use its program to build nuclear weapons."""
said,e30,plans,e34,demand,0,2010.02.06.iran.nuclear.tml,2010.02.06.iran.nuclear,"On Friday, Iran's foreign minister said he believes a solution will be reached over a proposed deal to export uranium for enrichment abroad, a demand of Western nations that worry that Tehran plans to use its program to build nuclear weapons."""
said,e30,use,e35,demand,0,2010.02.06.iran.nuclear.tml,2010.02.06.iran.nuclear,"On Friday, Iran's foreign minister said he believes a solution will be reached over a proposed deal to export uranium for enrichment abroad, a demand of Western nations that worry that Tehran plans to use its program to build nuclear weapons."""
said,e30,reached,e32,demand,0,2010.02.06.iran.nuclear.tml,2010.02.06.iran.nuclear,"On Friday, Iran's foreign minister said he believes a solution will be reached over a proposed deal to export uranium for enrichment abroad, a demand of Western nations that worry that Tehran plans to use its program to build nuclear weapons."""
said,e30,believes,e31,demand,0,2010.02.06.iran.nuclear.tml,2010.02.06.iran.nuclear,"On Friday, Iran's foreign minister said he believes a solution will be reached over a proposed deal to export uranium for enrichment abroad, a demand of Western nations that worry that Tehran plans to use its program to build nuclear weapons."""
build,e36,plans,e34,demand,0,2010.02.06.iran.nuclear.tml,2010.02.06.iran.nuclear,"On Friday, Iran's foreign minister said he believes a solution will be reached over a proposed deal to export uranium for enrichment abroad, a demand of Western nations that worry that Tehran plans to use its program to build nuclear weapons."""
build,e36,use,e35,demand,0,2010.02.06.iran.nuclear.tml,2010.02.06.iran.nuclear,"On Friday, Iran's foreign minister said he believes a solution will be reached over a proposed deal to export uranium for enrichment abroad, a demand of Western nations that worry that Tehran plans to use its program to build nuclear weapons."""
build,e36,reached,e32,demand,0,2010.02.06.iran.nuclear.tml,2010.02.06.iran.nuclear,"On Friday, Iran's foreign minister said he believes a solution will be reached over a proposed deal to export uranium for enrichment abroad, a demand of Western nations that worry that Tehran plans to use its program to build nuclear weapons."""
build,e36,believes,e31,demand,0,2010.02.06.iran.nuclear.tml,2010.02.06.iran.nuclear,"On Friday, Iran's foreign minister said he believes a solution will be reached over a proposed deal to export uranium for enrichment abroad, a demand of Western nations that worry that Tehran plans to use its program to build nuclear weapons."""
plans,e34,use,e35,demand,0,2010.02.06.iran.nuclear.tml,2010.02.06.iran.nuclear,"On Friday, Iran's foreign minister said he believes a solution will be reached over a proposed deal to export uranium for enrichment abroad, a demand of Western nations that worry that Tehran plans to use its program to build nuclear weapons."""
plans,e34,reached,e32,demand,0,2010.02.06.iran.nuclear.tml,2010.02.06.iran.nuclear,"On Friday, Iran's foreign minister said he believes a solution will be reached over a proposed deal to export uranium for enrichment abroad, a demand of Western nations that worry that Tehran plans to use its program to build nuclear weapons."""
plans,e34,believes,e31,demand,0,2010.02.06.iran.nuclear.tml,2010.02.06.iran.nuclear,"On Friday, Iran's foreign minister said he believes a solution will be reached over a proposed deal to export uranium for enrichment abroad, a demand of Western nations that worry that Tehran plans to use its program to build nuclear weapons."""
use,e35,reached,e32,demand,0,2010.02.06.iran.nuclear.tml,2010.02.06.iran.nuclear,"On Friday, Iran's foreign minister said he believes a solution will be reached over a proposed deal to export uranium for enrichment abroad, a demand of Western nations that worry that Tehran plans to use its program to build nuclear weapons."""
use,e35,believes,e31,demand,0,2010.02.06.iran.nuclear.tml,2010.02.06.iran.nuclear,"On Friday, Iran's foreign minister said he believes a solution will be reached over a proposed deal to export uranium for enrichment abroad, a demand of Western nations that worry that Tehran plans to use its program to build nuclear weapons."""
reached,e32,believes,e31,demand,0,2010.02.06.iran.nuclear.tml,2010.02.06.iran.nuclear,"On Friday, Iran's foreign minister said he believes a solution will be reached over a proposed deal to export uranium for enrichment abroad, a demand of Western nations that worry that Tehran plans to use its program to build nuclear weapons."""
proposed,e54,accepted,e53,idea,0,2010.02.06.iran.nuclear.tml,2010.02.06.iran.nuclear,"Iranian diplomats had initially accepted the idea, which was proposed by the West, but then rejected a plan put forth by the International Atomic Energy Agency, the atomic watchdog of the United Nations."""
proposed,e54,rejected,e55,idea,0,2010.02.06.iran.nuclear.tml,2010.02.06.iran.nuclear,"Iranian diplomats had initially accepted the idea, which was proposed by the West, but then rejected a plan put forth by the International Atomic Energy Agency, the atomic watchdog of the United Nations."""
accepted,e53,rejected,e55,idea,0,2010.02.06.iran.nuclear.tml,2010.02.06.iran.nuclear,"Iranian diplomats had initially accepted the idea, which was proposed by the West, but then rejected a plan put forth by the International Atomic Energy Agency, the atomic watchdog of the United Nations."""
proposed,e54,accepted,e53,plan,0,2010.02.06.iran.nuclear.tml,2010.02.06.iran.nuclear,"Iranian diplomats had initially accepted the idea, which was proposed by the West, but then rejected a plan put forth by the International Atomic Energy Agency, the atomic watchdog of the United Nations."""
proposed,e54,rejected,e55,plan,0,2010.02.06.iran.nuclear.tml,2010.02.06.iran.nuclear,"Iranian diplomats had initially accepted the idea, which was proposed by the West, but then rejected a plan put forth by the International Atomic Energy Agency, the atomic watchdog of the United Nations."""
accepted,e53,rejected,e55,plan,0,2010.02.06.iran.nuclear.tml,2010.02.06.iran.nuclear,"Iranian diplomats had initially accepted the idea, which was proposed by the West, but then rejected a plan put forth by the International Atomic Energy Agency, the atomic watchdog of the United Nations."""
proposed,e54,accepted,e53,propose,0,2010.02.06.iran.nuclear.tml,2010.02.06.iran.nuclear,"Iranian diplomats had initially accepted the idea, which was proposed by the West, but then rejected a plan put forth by the International Atomic Energy Agency, the atomic watchdog of the United Nations."""
proposed,e54,rejected,e55,propose,0,2010.02.06.iran.nuclear.tml,2010.02.06.iran.nuclear,"Iranian diplomats had initially accepted the idea, which was proposed by the West, but then rejected a plan put forth by the International Atomic Energy Agency, the atomic watchdog of the United Nations."""
accepted,e53,rejected,e55,propose,0,2010.02.06.iran.nuclear.tml,2010.02.06.iran.nuclear,"Iranian diplomats had initially accepted the idea, which was proposed by the West, but then rejected a plan put forth by the International Atomic Energy Agency, the atomic watchdog of the United Nations."""
intended,e79,insists,e78,insist,0,2010.02.06.iran.nuclear.tml,2010.02.06.iran.nuclear,Iran insists its nuclear program is intended solely for peaceful purposes.
intended,e79,insists,e78,intend,0,2010.02.06.iran.nuclear.tml,2010.02.06.iran.nuclear,Iran insists its nuclear program is intended solely for peaceful purposes.
intended,e79,insists,e78,purpose,0,2010.02.06.iran.nuclear.tml,2010.02.06.iran.nuclear,Iran insists its nuclear program is intended solely for peaceful purposes.
looking,e45,took,e44,plan,0,2010.02.26.census.redistricting.tml,2010.02.26.census.redistricting,"The Supreme Court in 2006 took up a case looking at a redistricting plan promoted by then-U.S.House Majority Leader Tom DeLay, R-Texas."
looking,e45,promoted,e46,plan,0,2010.02.26.census.redistricting.tml,2010.02.26.census.redistricting,"The Supreme Court in 2006 took up a case looking at a redistricting plan promoted by then-U.S.House Majority Leader Tom DeLay, R-Texas."
took,e44,promoted,e46,plan,0,2010.02.26.census.redistricting.tml,2010.02.26.census.redistricting,"The Supreme Court in 2006 took up a case looking at a redistricting plan promoted by then-U.S.House Majority Leader Tom DeLay, R-Texas."
adopted,e50,called,e51,plan,0,2010.02.26.census.redistricting.tml,2010.02.26.census.redistricting,The Texas legislature adopted the plan in 2003 after three contentious special sessions called by Republican Gov.
sparked,e53,led,e52,plan,0,2010.02.26.census.redistricting.tml,2010.02.26.census.redistricting,The legislative plan led to the 2004 ouster of four Democratic incumbents from Congress and sparked a bitter partisan battle.
found,e57,tossed,e56,plan,0,2010.02.26.census.redistricting.tml,2010.02.26.census.redistricting,"The court ruled that the redistricting plan unfairly weakened the voting strength of Latinos in two congressional districts and tossed out a portion of the congressional map, but found the overall redistricting plan engineered by state Republicans acceptable."
found,e57,ruled,e54,plan,0,2010.02.26.census.redistricting.tml,2010.02.26.census.redistricting,"The court ruled that the redistricting plan unfairly weakened the voting strength of Latinos in two congressional districts and tossed out a portion of the congressional map, but found the overall redistricting plan engineered by state Republicans acceptable."
found,e57,weakened,e55,plan,0,2010.02.26.census.redistricting.tml,2010.02.26.census.redistricting,"The court ruled that the redistricting plan unfairly weakened the voting strength of Latinos in two congressional districts and tossed out a portion of the congressional map, but found the overall redistricting plan engineered by state Republicans acceptable."
found,e57,engineered,e58,plan,0,2010.02.26.census.redistricting.tml,2010.02.26.census.redistricting,"The court ruled that the redistricting plan unfairly weakened the voting strength of Latinos in two congressional districts and tossed out a portion of the congressional map, but found the overall redistricting plan engineered by state Republicans acceptable."
tossed,e56,ruled,e54,plan,0,2010.02.26.census.redistricting.tml,2010.02.26.census.redistricting,"The court ruled that the redistricting plan unfairly weakened the voting strength of Latinos in two congressional districts and tossed out a portion of the congressional map, but found the overall redistricting plan engineered by state Republicans acceptable."
tossed,e56,weakened,e55,plan,0,2010.02.26.census.redistricting.tml,2010.02.26.census.redistricting,"The court ruled that the redistricting plan unfairly weakened the voting strength of Latinos in two congressional districts and tossed out a portion of the congressional map, but found the overall redistricting plan engineered by state Republicans acceptable."
tossed,e56,engineered,e58,plan,0,2010.02.26.census.redistricting.tml,2010.02.26.census.redistricting,"The court ruled that the redistricting plan unfairly weakened the voting strength of Latinos in two congressional districts and tossed out a portion of the congressional map, but found the overall redistricting plan engineered by state Republicans acceptable."
ruled,e54,weakened,e55,plan,0,2010.02.26.census.redistricting.tml,2010.02.26.census.redistricting,"The court ruled that the redistricting plan unfairly weakened the voting strength of Latinos in two congressional districts and tossed out a portion of the congressional map, but found the overall redistricting plan engineered by state Republicans acceptable."
ruled,e54,engineered,e58,plan,0,2010.02.26.census.redistricting.tml,2010.02.26.census.redistricting,"The court ruled that the redistricting plan unfairly weakened the voting strength of Latinos in two congressional districts and tossed out a portion of the congressional map, but found the overall redistricting plan engineered by state Republicans acceptable."
weakened,e55,engineered,e58,plan,0,2010.02.26.census.redistricting.tml,2010.02.26.census.redistricting,"The court ruled that the redistricting plan unfairly weakened the voting strength of Latinos in two congressional districts and tossed out a portion of the congressional map, but found the overall redistricting plan engineered by state Republicans acceptable."
got,e60,wants,e61,want,0,2010.02.26.census.redistricting.tml,2010.02.26.census.redistricting,"The production of the statistics has got to be nonpolitical... but the use of the statistics can be as political as the country wants it to be, "" he said."""
got,e60,said,e62,want,0,2010.02.26.census.redistricting.tml,2010.02.26.census.redistricting,"The production of the statistics has got to be nonpolitical... but the use of the statistics can be as political as the country wants it to be, "" he said."""
wants,e61,said,e62,want,0,2010.02.26.census.redistricting.tml,2010.02.26.census.redistricting,"The production of the statistics has got to be nonpolitical... but the use of the statistics can be as political as the country wants it to be, "" he said."""
said,e70,adding,e71,want,0,2010.02.26.census.redistricting.tml,2010.02.26.census.redistricting,"No, "" Prewitt said, adding that it's up to the voters to decide whether they want to throw someone out of office."
said,e70,adding,e71,decide,0,2010.02.26.census.redistricting.tml,2010.02.26.census.redistricting,"No, "" Prewitt said, adding that it's up to the voters to decide whether they want to throw someone out of office."
mandated,e98,trying,e96,try,0,2010.02.26.census.redistricting.tml,2010.02.26.census.redistricting,"As the census gets underway, Prewitt said trying to count everyone, as mandated by the Constitution, should be the top concern."""
mandated,e98,said,e95,try,0,2010.02.26.census.redistricting.tml,2010.02.26.census.redistricting,"As the census gets underway, Prewitt said trying to count everyone, as mandated by the Constitution, should be the top concern."""
trying,e96,said,e95,try,0,2010.02.26.census.redistricting.tml,2010.02.26.census.redistricting,"As the census gets underway, Prewitt said trying to count everyone, as mandated by the Constitution, should be the top concern."""
given,e55,seen,e53,end,0,2010.02.07.japan.prius.recall.ft.tml,2010.02.07.japan.prius.recall.ft,"Even if the solution ends up being a relatively simple and inexpensive software adjustment, the Prius braking problems come at a bad time for Toyota, which has seen its prized reputation for quality and safety badly damaged by the recalls and the news attention given to them."
given,e55,damaged,e54,end,0,2010.02.07.japan.prius.recall.ft.tml,2010.02.07.japan.prius.recall.ft,"Even if the solution ends up being a relatively simple and inexpensive software adjustment, the Prius braking problems come at a bad time for Toyota, which has seen its prized reputation for quality and safety badly damaged by the recalls and the news attention given to them."
given,e55,come,e52,end,0,2010.02.07.japan.prius.recall.ft.tml,2010.02.07.japan.prius.recall.ft,"Even if the solution ends up being a relatively simple and inexpensive software adjustment, the Prius braking problems come at a bad time for Toyota, which has seen its prized reputation for quality and safety badly damaged by the recalls and the news attention given to them."
seen,e53,damaged,e54,end,0,2010.02.07.japan.prius.recall.ft.tml,2010.02.07.japan.prius.recall.ft,"Even if the solution ends up being a relatively simple and inexpensive software adjustment, the Prius braking problems come at a bad time for Toyota, which has seen its prized reputation for quality and safety badly damaged by the recalls and the news attention given to them."
seen,e53,come,e52,end,0,2010.02.07.japan.prius.recall.ft.tml,2010.02.07.japan.prius.recall.ft,"Even if the solution ends up being a relatively simple and inexpensive software adjustment, the Prius braking problems come at a bad time for Toyota, which has seen its prized reputation for quality and safety badly damaged by the recalls and the news attention given to them."
damaged,e54,come,e52,end,0,2010.02.07.japan.prius.recall.ft.tml,2010.02.07.japan.prius.recall.ft,"Even if the solution ends up being a relatively simple and inexpensive software adjustment, the Prius braking problems come at a bad time for Toyota, which has seen its prized reputation for quality and safety badly damaged by the recalls and the news attention given to them."
trusted,e59,say,e58,decide,0,2010.02.07.japan.prius.recall.ft.tml,2010.02.07.japan.prius.recall.ft,Other experts say the problem could be more long-lasting if consumers who once trusted the Toyota brand decide to shop elsewhere.
stating,e2,extended,e1,idea,0,2010.03.02.health.care.tml,2010.03.02.health.care,"President Obama extended a bipartisan olive branch to GOP leaders in the health care debate Tuesday, stating in a letter that he is willing to consider several of their ideas in a compromise plan."
stating,e2,extended,e1,consider,0,2010.03.02.health.care.tml,2010.03.02.health.care,"President Obama extended a bipartisan olive branch to GOP leaders in the health care debate Tuesday, stating in a letter that he is willing to consider several of their ideas in a compromise plan."
stating,e2,extended,e1,plan,0,2010.03.02.health.care.tml,2010.03.02.health.care,"President Obama extended a bipartisan olive branch to GOP leaders in the health care debate Tuesday, stating in a letter that he is willing to consider several of their ideas in a compromise plan."
addressed,e24,said,e23,idea,0,2010.03.02.health.care.tml,2010.03.02.health.care,"Senate Minority Leader Mitch McConnell, R-Kentucky, said the president's ideas were little more than a few items "" inadequately addressed in a 2,700-page bill. """
said,e38,send,e40,plan,0,2010.03.02.health.care.tml,2010.03.02.health.care,Multiple Democratic sources have said the emerging consensus plan is for the House of Representatives to pass the Senate bill and send it to Obama.
criticized,e48,arguing,e49,intend,0,2010.03.02.health.care.tml,2010.03.02.health.care,"Republicans have angrily criticized the Democrats' potential use of reconciliation, arguing that the maneuver was never intended to be used for major policy overhauls along the lines of the health care bill."
criticized,e48,intended,e50,intend,0,2010.03.02.health.care.tml,2010.03.02.health.care,"Republicans have angrily criticized the Democrats' potential use of reconciliation, arguing that the maneuver was never intended to be used for major policy overhauls along the lines of the health care bill."
criticized,e48,used,e51,intend,0,2010.03.02.health.care.tml,2010.03.02.health.care,"Republicans have angrily criticized the Democrats' potential use of reconciliation, arguing that the maneuver was never intended to be used for major policy overhauls along the lines of the health care bill."
arguing,e49,intended,e50,intend,0,2010.03.02.health.care.tml,2010.03.02.health.care,"Republicans have angrily criticized the Democrats' potential use of reconciliation, arguing that the maneuver was never intended to be used for major policy overhauls along the lines of the health care bill."
arguing,e49,used,e51,intend,0,2010.03.02.health.care.tml,2010.03.02.health.care,"Republicans have angrily criticized the Democrats' potential use of reconciliation, arguing that the maneuver was never intended to be used for major policy overhauls along the lines of the health care bill."
intended,e50,used,e51,intend,0,2010.03.02.health.care.tml,2010.03.02.health.care,"Republicans have angrily criticized the Democrats' potential use of reconciliation, arguing that the maneuver was never intended to be used for major policy overhauls along the lines of the health care bill."
issued,e45,aimed,e46,aim,0,2010.01.07.winter.weather.tml,2010.01.07.winter.weather,Charlie Crist issued an order Tuesday aimed at helping farmers salvage what they can by lifting weight limits on trucks so already-harvested crops can more easily reach markets.
addressed,e5,killed,e6,attempt,0,2010.01.01.iran.moussavi.tml,2010.01.01.iran.moussavi,"Moussavi had addressed anti-government demonstrations Sunday in which at least seven protesters were killed, and warned that reformist sentiments wo n't disappear despite government attempts to silence them."
addressed,e5,warned,e7,attempt,0,2010.01.01.iran.moussavi.tml,2010.01.01.iran.moussavi,"Moussavi had addressed anti-government demonstrations Sunday in which at least seven protesters were killed, and warned that reformist sentiments wo n't disappear despite government attempts to silence them."
killed,e6,warned,e7,attempt,0,2010.01.01.iran.moussavi.tml,2010.01.01.iran.moussavi,"Moussavi had addressed anti-government demonstrations Sunday in which at least seven protesters were killed, and warned that reformist sentiments wo n't disappear despite government attempts to silence them."
attempt,e18,trapped,e21,attempt,0,2010.01.01.iran.moussavi.tml,2010.01.01.iran.moussavi,"Most of the protesters attempt to scatter, but one truck drives into a group trapped in a narrow street."
asked,e7,said,e9,plan,0,2010.01.12.turkey.israel.tml,2010.01.12.turkey.israel,"When asked about Tuesday's meeting between Israeli Ambassador Gabby Levy and Turkish officials, the Israeli Foreign Ministry said it was pre-planned."
want,e19,criticized,e22,want,0,2010.01.12.turkey.israel.tml,2010.01.12.turkey.israel,"Several senior Israeli Foreign Ministry sources, who did n't want to be named because it would jeopardize their jobs, criticized Ayalon's treatment of Turkish Ambassador Ahmet Oguz Celikkol at the start of their meeting Monday."
asked,e4,met,e6,support,0,2010.01.03.japan.jal.airlines.ft.tml,2010.01.03.japan.jal.airlines.ft,"The government asked the Development Bank of Japan ( DBJ ) to raise its commitment facility to JAL after ministers including Seiji Maehara, transport minister, and Naoto Kan, deputy prime minister, met to discuss how Tokyo could further support the ailing airline."
asked,e4,discuss,e7,support,0,2010.01.03.japan.jal.airlines.ft.tml,2010.01.03.japan.jal.airlines.ft,"The government asked the Development Bank of Japan ( DBJ ) to raise its commitment facility to JAL after ministers including Seiji Maehara, transport minister, and Naoto Kan, deputy prime minister, met to discuss how Tokyo could further support the ailing airline."
met,e6,discuss,e7,support,0,2010.01.03.japan.jal.airlines.ft.tml,2010.01.03.japan.jal.airlines.ft,"The government asked the Development Bank of Japan ( DBJ ) to raise its commitment facility to JAL after ministers including Seiji Maehara, transport minister, and Naoto Kan, deputy prime minister, met to discuss how Tokyo could further support the ailing airline."
seek,e18,battered,e16,seek,0,2010.01.03.japan.jal.airlines.ft.tml,2010.01.03.japan.jal.airlines.ft,JAL's shares have been battered by fears that the carrier would be forced to seek court-administered rehabilitation.
seek,e18,forced,e17,seek,0,2010.01.03.japan.jal.airlines.ft.tml,2010.01.03.japan.jal.airlines.ft,JAL's shares have been battered by fears that the carrier would be forced to seek court-administered rehabilitation.
battered,e16,forced,e17,seek,0,2010.01.03.japan.jal.airlines.ft.tml,2010.01.03.japan.jal.airlines.ft,JAL's shares have been battered by fears that the carrier would be forced to seek court-administered rehabilitation.
preferred,e26,fuelled,e23,consider,0,2010.01.03.japan.jal.airlines.ft.tml,2010.01.03.japan.jal.airlines.ft,"Growing anxiety about JAL's financial condition has been fuelled by media reports that the state-sponsored Enterprise Turnaround Initiative Corporation, which is considering whether to take on JAL's restructuring, preferred a court-backed rehabilitation of the airline similar to Chapter 11 in the US."
oppose,e34,appeared,e33,plan,0,2010.01.03.japan.jal.airlines.ft.tml,2010.01.03.japan.jal.airlines.ft,"Haruka Nishimatsu, JAL'S president, appeared to oppose a court-backed plan in comments made to the Asahi newspaper."""
quoted,e38,saying,e39,want,0,2010.01.03.japan.jal.airlines.ft.tml,2010.01.03.japan.jal.airlines.ft,"I do n't understand why they want a court-sponsored rehabilitation, "" the Asahi on Sunday quoted him as saying."
quoted,e38,want,e37,want,0,2010.01.03.japan.jal.airlines.ft.tml,2010.01.03.japan.jal.airlines.ft,"I do n't understand why they want a court-sponsored rehabilitation, "" the Asahi on Sunday quoted him as saying."
saying,e39,want,e37,want,0,2010.01.03.japan.jal.airlines.ft.tml,2010.01.03.japan.jal.airlines.ft,"I do n't understand why they want a court-sponsored rehabilitation, "" the Asahi on Sunday quoted him as saying."
banned,e4,stage,e2,plan,0,2010.01.12.uk.islamist.group.ban.tml,2010.01.12.uk.islamist.group.ban,A controversial Muslim group planning to stage an anti-war march through a town that receives British war dead will be banned in the UK from Thursday.
banned,e4,receives,e3,plan,0,2010.01.12.uk.islamist.group.ban.tml,2010.01.12.uk.islamist.group.ban,A controversial Muslim group planning to stage an anti-war march through a town that receives British war dead will be banned in the UK from Thursday.
stage,e2,receives,e3,plan,0,2010.01.12.uk.islamist.group.ban.tml,2010.01.12.uk.islamist.group.ban,A controversial Muslim group planning to stage an anti-war march through a town that receives British war dead will be banned in the UK from Thursday.
prepared,e5,known,e6,prepare,0,2010.01.12.uk.islamist.group.ban.tml,2010.01.12.uk.islamist.group.ban,"British Home Secretary Alan Johnson prepared an order Tuesday proscribing Al-Muhajiroun, also known as Islam4UK."""
considered,e16,said,e17,consider,0,2010.01.12.uk.islamist.group.ban.tml,2010.01.12.uk.islamist.group.ban,"The proscription does not need approval by Parliament, because it is considered an amendment to the act, said the Home Office spokeswoman, who did not give her name in line with policy."""
said,e55,said,e51,plan,0,2010.01.12.uk.islamist.group.ban.tml,2010.01.12.uk.islamist.group.ban,"The Home Office had said the march would be illegal if the group were banned, but the decision to proscribe the group was not caused only by its plans for the march, the Home Office said."
said,e55,banned,e52,plan,0,2010.01.12.uk.islamist.group.ban.tml,2010.01.12.uk.islamist.group.ban,"The Home Office had said the march would be illegal if the group were banned, but the decision to proscribe the group was not caused only by its plans for the march, the Home Office said."
said,e51,banned,e52,plan,0,2010.01.12.uk.islamist.group.ban.tml,2010.01.12.uk.islamist.group.ban,"The Home Office had said the march would be illegal if the group were banned, but the decision to proscribe the group was not caused only by its plans for the march, the Home Office said."
banned,e67,participate,e69,prepare,0,2010.01.12.uk.islamist.group.ban.tml,2010.01.12.uk.islamist.group.ban,"According to the law, groups can be banned if they commit or participate in terrorism ; prepare for terrorism ; or promote or encourage terrorism."
believe,e32,shown,e31,demand,0,2010.03.02.japan.unemployment.ft.tml,2010.03.02.japan.unemployment.ft,"Domestic demand remains depressed, while surveys have shown the majority of firms believe current staffing levels are excessive."
say,e21,used,e19,prepare,0,2010.03.17.france.eta.policeman.tml,2010.03.17.france.eta.policeman,"ETA has traditionally used France as its rearguard logistics and planning base to prepare attacks across the border in Spain, officials say."
told,e28,considered,e29,consider,0,2010.03.17.france.eta.policeman.tml,2010.03.17.france.eta.policeman,"At the time, French Interior Minister Brice Hortefeux told CNN affiliate BFM-TV, "" France has long been considered as a logistical base for ETA."
strike,e33,established,e30,decide,0,2010.03.17.france.eta.policeman.tml,2010.03.17.france.eta.policeman,"We have established a close cooperation with Spanish authorities, and we decided to strike, and strike hard because France does n't have to welcome terrorists. """
strike,e33,strike,e32,decide,0,2010.03.17.france.eta.policeman.tml,2010.03.17.france.eta.policeman,"We have established a close cooperation with Spanish authorities, and we decided to strike, and strike hard because France does n't have to welcome terrorists. """
strike,e33,decided,e31,decide,0,2010.03.17.france.eta.policeman.tml,2010.03.17.france.eta.policeman,"We have established a close cooperation with Spanish authorities, and we decided to strike, and strike hard because France does n't have to welcome terrorists. """
established,e30,strike,e32,decide,0,2010.03.17.france.eta.policeman.tml,2010.03.17.france.eta.policeman,"We have established a close cooperation with Spanish authorities, and we decided to strike, and strike hard because France does n't have to welcome terrorists. """
established,e30,decided,e31,decide,0,2010.03.17.france.eta.policeman.tml,2010.03.17.france.eta.policeman,"We have established a close cooperation with Spanish authorities, and we decided to strike, and strike hard because France does n't have to welcome terrorists. """
strike,e32,decided,e31,decide,0,2010.03.17.france.eta.policeman.tml,2010.03.17.france.eta.policeman,"We have established a close cooperation with Spanish authorities, and we decided to strike, and strike hard because France does n't have to welcome terrorists. """
signify,e41,replaced,e38,end,0,2010.03.17.france.eta.policeman.tml,2010.03.17.france.eta.policeman,"After each such arrest, ETA replaced the top leader, Rubalcaba said, and he warned that the latest arrests do not signify the end of ETA."""
signify,e41,warned,e40,end,0,2010.03.17.france.eta.policeman.tml,2010.03.17.france.eta.policeman,"After each such arrest, ETA replaced the top leader, Rubalcaba said, and he warned that the latest arrests do not signify the end of ETA."""
signify,e41,said,e39,end,0,2010.03.17.france.eta.policeman.tml,2010.03.17.france.eta.policeman,"After each such arrest, ETA replaced the top leader, Rubalcaba said, and he warned that the latest arrests do not signify the end of ETA."""
replaced,e38,warned,e40,end,0,2010.03.17.france.eta.policeman.tml,2010.03.17.france.eta.policeman,"After each such arrest, ETA replaced the top leader, Rubalcaba said, and he warned that the latest arrests do not signify the end of ETA."""
replaced,e38,said,e39,end,0,2010.03.17.france.eta.policeman.tml,2010.03.17.france.eta.policeman,"After each such arrest, ETA replaced the top leader, Rubalcaba said, and he warned that the latest arrests do not signify the end of ETA."""
warned,e40,said,e39,end,0,2010.03.17.france.eta.policeman.tml,2010.03.17.france.eta.policeman,"After each such arrest, ETA replaced the top leader, Rubalcaba said, and he warned that the latest arrests do not signify the end of ETA."""
said,e8,build,e12,search,0,2010.01.13.google.china.exit.tml,2010.01.13.google.china.exit,Google said it was rolling back its self-censorship this week in a move that seems to indicate that -- despite attempts to build strong government relations and retool its own stated ethics -- the search engine has finally had enough of doing business the China way.
said,e8,rolling,e9,search,0,2010.01.13.google.china.exit.tml,2010.01.13.google.china.exit,Google said it was rolling back its self-censorship this week in a move that seems to indicate that -- despite attempts to build strong government relations and retool its own stated ethics -- the search engine has finally had enough of doing business the China way.
build,e12,rolling,e9,search,0,2010.01.13.google.china.exit.tml,2010.01.13.google.china.exit,Google said it was rolling back its self-censorship this week in a move that seems to indicate that -- despite attempts to build strong government relations and retool its own stated ethics -- the search engine has finally had enough of doing business the China way.
said,e8,build,e12,attempt,0,2010.01.13.google.china.exit.tml,2010.01.13.google.china.exit,Google said it was rolling back its self-censorship this week in a move that seems to indicate that -- despite attempts to build strong government relations and retool its own stated ethics -- the search engine has finally had enough of doing business the China way.
said,e8,rolling,e9,attempt,0,2010.01.13.google.china.exit.tml,2010.01.13.google.china.exit,Google said it was rolling back its self-censorship this week in a move that seems to indicate that -- despite attempts to build strong government relations and retool its own stated ethics -- the search engine has finally had enough of doing business the China way.
build,e12,rolling,e9,attempt,0,2010.01.13.google.china.exit.tml,2010.01.13.google.china.exit,Google said it was rolling back its self-censorship this week in a move that seems to indicate that -- despite attempts to build strong government relations and retool its own stated ethics -- the search engine has finally had enough of doing business the China way.
targeting,e21,originating,e20,target,0,2010.01.13.google.china.exit.tml,2010.01.13.google.china.exit,"The tipping point came after what Google calls "" sophisticated "" cyber attacks originating from within China, targeting G-mail accounts of Chinese human rights activists."
targeting,e21,came,e18,target,0,2010.01.13.google.china.exit.tml,2010.01.13.google.china.exit,"The tipping point came after what Google calls "" sophisticated "" cyber attacks originating from within China, targeting G-mail accounts of Chinese human rights activists."
targeting,e21,calls,e19,target,0,2010.01.13.google.china.exit.tml,2010.01.13.google.china.exit,"The tipping point came after what Google calls "" sophisticated "" cyber attacks originating from within China, targeting G-mail accounts of Chinese human rights activists."
originating,e20,came,e18,target,0,2010.01.13.google.china.exit.tml,2010.01.13.google.china.exit,"The tipping point came after what Google calls "" sophisticated "" cyber attacks originating from within China, targeting G-mail accounts of Chinese human rights activists."
originating,e20,calls,e19,target,0,2010.01.13.google.china.exit.tml,2010.01.13.google.china.exit,"The tipping point came after what Google calls "" sophisticated "" cyber attacks originating from within China, targeting G-mail accounts of Chinese human rights activists."
came,e18,calls,e19,target,0,2010.01.13.google.china.exit.tml,2010.01.13.google.china.exit,"The tipping point came after what Google calls "" sophisticated "" cyber attacks originating from within China, targeting G-mail accounts of Chinese human rights activists."
targeting,e21,originating,e20,point,0,2010.01.13.google.china.exit.tml,2010.01.13.google.china.exit,"The tipping point came after what Google calls "" sophisticated "" cyber attacks originating from within China, targeting G-mail accounts of Chinese human rights activists."
targeting,e21,came,e18,point,0,2010.01.13.google.china.exit.tml,2010.01.13.google.china.exit,"The tipping point came after what Google calls "" sophisticated "" cyber attacks originating from within China, targeting G-mail accounts of Chinese human rights activists."
targeting,e21,calls,e19,point,0,2010.01.13.google.china.exit.tml,2010.01.13.google.china.exit,"The tipping point came after what Google calls "" sophisticated "" cyber attacks originating from within China, targeting G-mail accounts of Chinese human rights activists."
originating,e20,came,e18,point,0,2010.01.13.google.china.exit.tml,2010.01.13.google.china.exit,"The tipping point came after what Google calls "" sophisticated "" cyber attacks originating from within China, targeting G-mail accounts of Chinese human rights activists."
originating,e20,calls,e19,point,0,2010.01.13.google.china.exit.tml,2010.01.13.google.china.exit,"The tipping point came after what Google calls "" sophisticated "" cyber attacks originating from within China, targeting G-mail accounts of Chinese human rights activists."
came,e18,calls,e19,point,0,2010.01.13.google.china.exit.tml,2010.01.13.google.china.exit,"The tipping point came after what Google calls "" sophisticated "" cyber attacks originating from within China, targeting G-mail accounts of Chinese human rights activists."
gathered,e35,express,e36,support,1,2010.01.13.google.china.exit.tml,2010.01.13.google.china.exit,Several Google users and fans gathered in front of the company's China headquarters in northwest Beijing to express support for Internet freedom.
continue,e49,says,e46,negotiation,0,2010.01.13.google.china.exit.tml,2010.01.13.google.china.exit,It says it will seek negotiations over the next few weeks to determine whether it is possible to continue to operate within China.
continue,e49,says,e46,seek,0,2010.01.13.google.china.exit.tml,2010.01.13.google.china.exit,It says it will seek negotiations over the next few weeks to determine whether it is possible to continue to operate within China.
agreeing,e71,drew,e69,search,0,2010.01.13.google.china.exit.tml,2010.01.13.google.china.exit,"Known for its slogan "" do n't do evil, "" Google's new position drew praise from supporters of free speech, who in the past have been critical of the search engine for agreeing to government censorship as a condition for opening its doors in China."""
agreeing,e71,Known,e67,search,0,2010.01.13.google.china.exit.tml,2010.01.13.google.china.exit,"Known for its slogan "" do n't do evil, "" Google's new position drew praise from supporters of free speech, who in the past have been critical of the search engine for agreeing to government censorship as a condition for opening its doors in China."""
drew,e69,Known,e67,search,0,2010.01.13.google.china.exit.tml,2010.01.13.google.china.exit,"Known for its slogan "" do n't do evil, "" Google's new position drew praise from supporters of free speech, who in the past have been critical of the search engine for agreeing to government censorship as a condition for opening its doors in China."""
paying,e74,says,e75,idea,0,2010.01.13.google.china.exit.tml,2010.01.13.google.china.exit,"They've revisited the idea of censorship and the price they're paying is too high, "" says Roseann Rife of Amnesty International."""
paying,e74,revisited,e73,idea,0,2010.01.13.google.china.exit.tml,2010.01.13.google.china.exit,"They've revisited the idea of censorship and the price they're paying is too high, "" says Roseann Rife of Amnesty International."""
says,e75,revisited,e73,idea,0,2010.01.13.google.china.exit.tml,2010.01.13.google.china.exit,"They've revisited the idea of censorship and the price they're paying is too high, "" says Roseann Rife of Amnesty International."""
needs,e77,pointing,e76,point,0,2010.01.13.google.china.exit.tml,2010.01.13.google.china.exit,"By pointing this out now, Google is a great example and it needs to be discussed in other corporations, in other board rooms. """
launched,e79,struggled,e81,search,0,2010.01.13.google.china.exit.tml,2010.01.13.google.china.exit,"Google, which launched its China-based search engine in 2006, has struggled for business in China since its inception."
returns,e82,blocked,e86,search,0,2010.01.13.google.china.exit.tml,2010.01.13.google.china.exit,"The Google.cn filter, which returns censored search results, was created after the original form of the U.S. - based search engine was routinely slowed or blocked by China's Internet controls."
returns,e82,slowed,e85,search,0,2010.01.13.google.china.exit.tml,2010.01.13.google.china.exit,"The Google.cn filter, which returns censored search results, was created after the original form of the U.S. - based search engine was routinely slowed or blocked by China's Internet controls."
returns,e82,created,e83,search,0,2010.01.13.google.china.exit.tml,2010.01.13.google.china.exit,"The Google.cn filter, which returns censored search results, was created after the original form of the U.S. - based search engine was routinely slowed or blocked by China's Internet controls."
blocked,e86,slowed,e85,search,0,2010.01.13.google.china.exit.tml,2010.01.13.google.china.exit,"The Google.cn filter, which returns censored search results, was created after the original form of the U.S. - based search engine was routinely slowed or blocked by China's Internet controls."
blocked,e86,created,e83,search,0,2010.01.13.google.china.exit.tml,2010.01.13.google.china.exit,"The Google.cn filter, which returns censored search results, was created after the original form of the U.S. - based search engine was routinely slowed or blocked by China's Internet controls."
slowed,e85,created,e83,search,0,2010.01.13.google.china.exit.tml,2010.01.13.google.china.exit,"The Google.cn filter, which returns censored search results, was created after the original form of the U.S. - based search engine was routinely slowed or blocked by China's Internet controls."
dwarfed,e91,dominates,e93,search,0,2010.01.13.google.china.exit.tml,2010.01.13.google.china.exit,"Still, Google is dwarfed by Baidu.com, the leading Chinese search engine which dominates the majority of the search market in mainland China."
hoping,e2,made,e1,mean,0,2010.01.18.sherlock.holmes.tourism.london.tml,2010.01.18.sherlock.holmes.tourism.london,Sherlock Holmes the movie has already made more than $300 million at the box office worldwide and British tourism officials are hoping it means money for them too.
noticed,e22,told,e21,search,0,2010.03.23.how.get.headhunted.tml,2010.03.23.how.get.headhunted,"Kit Bingham, principal at executive search firm Odgers Berndtson, told CNN, "" What gets noticed is success, so the way to get noticed [ by search firms ] is to be very good at your job."""
quoted,e43,said,e48,search,0,2010.03.23.how.get.headhunted.tml,2010.03.23.how.get.headhunted,"Get your name into print "" Being quoted in the media is something the executive search firms will pick up on and take notice of, "" said Ispahani."
quoted,e43,Get,e42,search,0,2010.03.23.how.get.headhunted.tml,2010.03.23.how.get.headhunted,"Get your name into print "" Being quoted in the media is something the executive search firms will pick up on and take notice of, "" said Ispahani."
said,e48,Get,e42,search,0,2010.03.23.how.get.headhunted.tml,2010.03.23.how.get.headhunted,"Get your name into print "" Being quoted in the media is something the executive search firms will pick up on and take notice of, "" said Ispahani."
raising,e91,said,e92,search,0,2010.03.23.how.get.headhunted.tml,2010.03.23.how.get.headhunted,"Online networks like LinkedIn, which is for professionals, are a good way of sharing your network, joining other people's, and raising your visibility, "" said Iraj Ispahani, of executive search firm Korn / Ferry Whitehead Mann."""
help,e115,find,e116,search,0,2010.03.23.how.get.headhunted.tml,2010.03.23.how.get.headhunted,A Web search will help find the firms that fit your needs.
help,e155,perceived,e153,try,0,2010.03.23.how.get.headhunted.tml,2010.03.23.how.get.headhunted,"If you're perceived to have been helpful, people will try to help you. """